-- phpMyAdmin SQL Dump
-- version 5.2.1
-- https://www.phpmyadmin.net/
--
-- Host: localhost
-- Generation Time: Dec 09, 2024 at 09:46 AM
-- Server version: 10.4.28-MariaDB
-- PHP Version: 8.2.4

SET SQL_MODE = "NO_AUTO_VALUE_ON_ZERO";
START TRANSACTION;
SET time_zone = "+00:00";


/*!40101 SET @OLD_CHARACTER_SET_CLIENT=@@CHARACTER_SET_CLIENT */;
/*!40101 SET @OLD_CHARACTER_SET_RESULTS=@@CHARACTER_SET_RESULTS */;
/*!40101 SET @OLD_COLLATION_CONNECTION=@@COLLATION_CONNECTION */;
/*!40101 SET NAMES utf8mb4 */;

--
-- Database: `gensanlib`
--

-- --------------------------------------------------------

--
-- Table structure for table `area`
--

CREATE TABLE `area` (
  `id` int(11) NOT NULL,
  `floor` varchar(10) NOT NULL,
  `room` varchar(30) NOT NULL,
  `slotnumber` int(11) DEFAULT NULL,
  `opentime` time NOT NULL,
  `closetime` time NOT NULL,
  `min_slot` int(11) NOT NULL,
  `max_slot` int(11) NOT NULL,
  `availability` varchar(20) NOT NULL
) ENGINE=InnoDB DEFAULT CHARSET=utf8mb4 COLLATE=utf8mb4_general_ci;

--
-- Dumping data for table `area`
--

INSERT INTO `area` (`id`, `floor`, `room`, `slotnumber`, `opentime`, `closetime`, `min_slot`, `max_slot`, `availability`) VALUES
(117, 'GF', 'Digital Library', 5, '08:00:00', '17:00:00', 1, 3, '1'),
(118, '2F', 'Discussion room', 4, '08:00:00', '17:00:00', 1, 3, '1'),
(119, 'GF', 'Reading Area', 9, '08:00:00', '17:00:00', 1, 3, '1'),
(122, 'GF', 'Laptop Section', 5, '08:00:00', '17:00:00', 1, 4, '1'),
(124, '2F', 'Test', 2, '08:00:00', '17:00:00', 1, 4, '1'),
(125, '2F', 'Audio Visual Room', 8, '08:00:00', '17:00:00', 1, 4, '1');

-- --------------------------------------------------------

--
-- Table structure for table `attend`
--

CREATE TABLE `attend` (
  `id` int(11) NOT NULL,
  `category` varchar(10) NOT NULL,
  `qrcode` varchar(20) DEFAULT NULL,
  `rfid` varchar(20) DEFAULT NULL,
  `username` varchar(150) DEFAULT NULL,
  `srcode` varchar(20) DEFAULT NULL,
  `kiosk` varchar(11) DEFAULT NULL,
  `floor` varchar(5) DEFAULT NULL,
  `in_time` varchar(50) DEFAULT NULL,
  `out_time` varchar(50) DEFAULT NULL,
  `date` date DEFAULT NULL,
  `building` varchar(10) NOT NULL
) ENGINE=InnoDB DEFAULT CHARSET=utf8mb4 COLLATE=utf8mb4_general_ci;

--
-- Dumping data for table `attend`
--

INSERT INTO `attend` (`id`, `category`, `qrcode`, `rfid`, `username`, `srcode`, `kiosk`, `floor`, `in_time`, `out_time`, `date`, `building`) VALUES
(5, '', '01', '', 'Ansel Christian Santos', '2023101024', 'Kiosk 1', 'GF', '2024-01-18 17:08:56', '2024-01-18 17:09:04', '2024-01-18', ''),
(6, '', '2023101040', '', 'Anhar Bacsa', '2023101040', 'Kiosk 1', NULL, '2024-01-18 17:09:37', '2024-01-18 17:09:44', '2024-01-18', ''),
(7, '', '02', '', 'Lorenzo Delos Santos Jr', '2023100898', 'Kiosk 1', NULL, '2024-01-24 13:22:59', NULL, '2024-01-24', ''),
(8, '', '02157863', '', 'Lorenzo Delos Santos Jr', '2023100898', NULL, NULL, '2024-11-19 14:16:28', '2024-11-19 14:16:33', '2024-11-19', ''),
(9, '', '02157863', '', 'Lorenzo Delos Santos Jr', '2023100898', 'Kiosk 1', NULL, '2024-11-19 14:18:10', '2024-11-19 14:18:13', '2024-11-19', ''),
(10, '', '02157863', '', 'Lorenzo Delos Santos Jr', '2023100898', 'Kiosk 1', NULL, '2024-11-19 14:20:11', '2024-11-19 14:20:24', '2024-11-19', ''),
(11, '', '02157863', '', 'Lorenzo Delos Santos Jr', '2023100898', 'Kiosk 1', NULL, '2024-11-19 14:20:38', '2024-11-19 14:20:42', '2024-11-19', ''),
(12, '', '02157863', '', 'Lorenzo Delos Santos Jr', '2023100898', 'Kiosk 1', NULL, '2024-11-19 14:22:08', '2024-11-19 14:23:41', '2024-11-19', ''),
(13, '', '23258375', '', 'Ansel Christian Santos', '2023101024', 'Kiosk 1', NULL, '2024-11-19 14:23:20', '2024-11-19 14:23:28', '2024-11-19', ''),
(14, '', '02157863', '', 'Lorenzo Delos Santos Jr', '2023100898', 'Kiosk 1', NULL, '2024-11-19 14:23:48', '2024-11-19 14:27:17', '2024-11-19', ''),
(15, '', '02157863', '', 'Lorenzo Delos Santos Jr', '2023100898', 'Kiosk 1', NULL, '2024-11-19 14:29:38', '2024-11-19 15:03:33', '2024-11-19', ''),
(16, '', '02157863', '', 'Lorenzo Delos Santos Jr', '2023100898', 'Kiosk 1', NULL, '2024-11-19 15:03:39', '2024-11-19 17:00:23', '2024-11-19', ''),
(17, '', '23258375', '', 'Ansel Christian Santos', '2023101024', 'Kiosk 1', NULL, '2024-11-19 15:24:25', NULL, '2024-11-19', ''),
(18, '', '05847497', '', 'Danielle Gwyneth Punzal', '2023100948', 'Kiosk 1', NULL, '2024-11-19 15:32:55', '2024-11-19 16:31:38', '2024-11-19', ''),
(19, '', '23258375', '', 'Ansel Christian Santos', '2023101024', 'Kiosk 1', NULL, '2024-11-20 09:22:49', '2024-11-20 09:22:58', '2024-11-20', ''),
(20, '', '05847497', '', 'Danielle Gwyneth Punzal', '2023100948', 'Kiosk 1', NULL, '2024-11-20 09:52:08', '2024-11-20 09:52:18', '2024-11-20', ''),
(21, '', '01-05', '', 'Jason Hakdog', '102020202', 'Kiosk 1', NULL, '2024-11-20 10:02:28', '2024-11-20 14:06:44', '2024-11-20', ''),
(22, '', '02157863', '', 'Lorenzo Delos Santos Jr', '2023100898', 'Kiosk 1', NULL, '2024-11-20 10:44:44', '2024-11-20 10:44:48', '2024-11-20', ''),
(23, '', '02157863', '', 'Lorenzo Delos Santos Jr', '2023100898', 'Kiosk 1', NULL, '2024-11-20 10:57:31', '2024-11-20 11:16:29', '2024-11-20', ''),
(24, '', '02157863', '', 'Lorenzo Delos Santos Jr', '2023100898', 'Kiosk 1', NULL, '2024-11-20 11:27:23', '2024-11-20 11:31:35', '2024-11-20', ''),
(25, '', '02157863', '', 'Lorenzo Delos Santos Jr', '2023100898', 'Kiosk 1', NULL, '2024-11-20 11:44:02', '2024-11-20 13:11:47', '2024-11-20', ''),
(26, '', '02157863', '', 'Lorenzo Delos Santos Jr', '2023100898', 'Kiosk 1', NULL, '2024-11-20 13:11:50', '2024-11-20 13:46:42', '2024-11-20', ''),
(27, '', '', '07e4e800', 'Ansel Christian Santos', '2023101024', 'Kiosk 1', NULL, '2024-11-20 13:40:53', '2024-11-20 15:49:19', '2024-11-20', ''),
(29, '', '', '07e2151e', 'Ivan Coscolluela', '2023107673', 'Kiosk 1', NULL, '2024-11-20 13:41:44', '2024-11-20 15:50:03', '2024-11-20', ''),
(32, '', '', '07e2151e', 'Ivan Coscolluela', '2023107673', 'Kiosk 1', NULL, '2024-11-20 13:41:58', '2024-11-20 15:50:03', '2024-11-20', ''),
(33, '', '', '07E2151E', 'Ivan Coscolluela', '2023107673', '2', NULL, '2024-11-20 13:42:59', '2024-11-20 15:50:04', '2024-11-20', ''),
(34, '', '', '07E2151E', 'Ivan Coscolluela', '2023107673', '2', NULL, '2024-11-20 13:43:10', '2024-11-20 15:50:05', '2024-11-20', ''),
(35, '', '', '07e2151e', 'Ivan Coscolluela', '2023107673', 'Kiosk 1', NULL, '2024-11-20 13:49:16', '2024-11-20 15:50:05', '2024-11-20', ''),
(36, '', '01-05', '', 'Jason Hakdog', '102020202', '1', NULL, '2024-11-20 14:06:58', '2024-11-20 16:17:20', '2024-11-20', ''),
(37, '', '', '07e2151e', 'Ivan Coscolluela', '2023107673', 'Kiosk 1', NULL, '2024-11-20 14:21:29', '2024-11-20 15:50:05', '2024-11-20', ''),
(38, '', '', '07e2151e', 'Ivan Coscolluela', '2023107673', 'Kiosk 1', NULL, '2024-11-20 14:22:00', '2024-11-20 15:50:06', '2024-11-20', ''),
(42, '', '', '07E2151E', 'Ivan Coscolluela', '2023107673', '2', NULL, '2024-11-20 15:23:38', '2024-11-20 15:50:07', '2024-11-20', ''),
(43, '', '02157863', '', 'Lorenzo Delos Santos Jr', '2023100898', '2', NULL, '2024-11-20 15:25:12', '2024-11-20 15:25:15', '2024-11-20', ''),
(44, '', '', '07E2151E', 'Ivan Coscolluela', '2023107673', '2', NULL, '2024-11-20 15:26:05', '2024-11-20 15:50:07', '2024-11-20', ''),
(45, '', '', '07E2151E', 'Ivan Coscolluela', '2023107673', '2', NULL, '2024-11-20 15:49:58', '2024-11-20 15:50:07', '2024-11-20', ''),
(46, '', '', '07E2151E', 'Ivan Coscolluela', '2023107673', '2', NULL, '2024-11-20 15:50:06', '2024-11-20 15:50:07', '2024-11-20', ''),
(47, '', '', '07E2151E', 'Ivan Coscolluela', '2023107673', '2', NULL, '2024-11-20 15:50:14', '2024-11-20 15:50:15', '2024-11-20', ''),
(48, '', '', '07E2151E', 'Ivan Coscolluela', '2023107673', '2', NULL, '2024-11-20 15:50:14', '2024-11-20 15:50:16', '2024-11-20', ''),
(49, '', '', '07E2151E', 'Ivan Coscolluela', '2023107673', '2', NULL, '2024-11-20 15:50:14', '2024-11-20 15:50:16', '2024-11-20', ''),
(50, '', '', '07E2151E', 'Ivan Coscolluela', '2023107673', '2', NULL, '2024-11-20 15:50:14', '2024-11-20 15:50:17', '2024-11-20', ''),
(51, '', '', '07E2151E', 'Ivan Coscolluela', '2023107673', '2', NULL, '2024-11-20 15:50:15', '2024-11-20 15:50:17', '2024-11-20', ''),
(52, '', '', '07e4e800', 'Ansel Christian Santos', '2023101024', '1', NULL, '2024-11-20 15:51:58', '2024-11-20 15:52:03', '2024-11-20', ''),
(53, '', '', '07E2151E', 'Ivan Coscolluela', '2023107673', '2', NULL, '2024-11-20 15:52:18', NULL, '2024-11-20', ''),
(54, '', '', '07E2151E', 'Ivan Coscolluela', '2023107673', '2', NULL, '2024-11-20 15:52:21', NULL, '2024-11-20', ''),
(55, '', '', '07E2151E', 'Ivan Coscolluela', '2023107673', '2', NULL, '2024-11-20 15:53:07', NULL, '2024-11-20', ''),
(56, '', '', '102', 'Jason Iverson', '123', '1', NULL, '2024-11-20 15:53:21', '2024-11-20 15:53:57', '2024-11-20', ''),
(57, '', '', '07E2151E', 'Ivan Coscolluela', '2023107673', '2', NULL, '2024-11-20 16:05:37', NULL, '2024-11-20', ''),
(58, '', '', '07E2151E', 'Ivan Coscolluela', '2023107673', 'Kiosk 1', NULL, '2024-11-20 16:12:55', '2024-11-20 16:45:50', '2024-11-20', ''),
(59, '', '01-05', '', 'Jason Hakdog', '102020202', 'Kiosk 1', NULL, '2024-11-20 16:17:36', NULL, '2024-11-20', ''),
(60, '', '01-05', '', 'Jason Hakdog', '102020202', '3', NULL, '2024-11-20 16:17:43', '2024-11-20 16:17:51', '2024-11-20', ''),
(61, '', '01-05', '', 'Jason Hakdog', '102020202', '3', NULL, '2024-11-20 16:17:53', '2024-11-20 16:17:54', '2024-11-20', ''),
(62, '', '01-05', '', 'Jason Hakdog', '102020202', '3', NULL, '2024-11-20 16:17:54', '2024-11-20 16:17:55', '2024-11-20', ''),
(63, '', '01-05', '', 'Jason Hakdog', '102020202', '3', NULL, '2024-11-20 16:17:55', '2024-11-20 16:17:55', '2024-11-20', ''),
(64, '', '01-05', '', 'Jason Hakdog', '102020202', '3', NULL, '2024-11-20 16:17:56', '2024-11-20 16:17:56', '2024-11-20', ''),
(65, '', '01-05', '', 'Jason Hakdog', '102020202', '3', NULL, '2024-11-20 16:17:56', '2024-11-20 16:17:56', '2024-11-20', ''),
(66, '', '01-05', '', 'Jason Hakdog', '102020202', '3', NULL, '2024-11-20 16:17:56', '2024-11-20 16:17:56', '2024-11-20', ''),
(67, '', '01-05', '', 'Jason Hakdog', '102020202', '3', NULL, '2024-11-20 16:17:57', '2024-11-20 16:17:57', '2024-11-20', ''),
(68, '', '01-05', '', 'Jason Hakdog', '102020202', '3', NULL, '2024-11-20 16:17:57', '2024-11-20 16:17:57', '2024-11-20', ''),
(69, '', '01-05', '', 'Jason Hakdog', '102020202', '3', NULL, '2024-11-20 16:17:57', '2024-11-20 16:17:57', '2024-11-20', ''),
(70, '', '01-05', '', 'Jason Hakdog', '102020202', '3', NULL, '2024-11-20 16:17:58', '2024-11-20 16:17:58', '2024-11-20', ''),
(71, '', '01-05', '', 'Jason Hakdog', '102020202', '3', NULL, '2024-11-20 16:17:58', '2024-11-20 16:17:58', '2024-11-20', ''),
(72, '', '01-05', '', 'Jason Hakdog', '102020202', '3', NULL, '2024-11-20 16:17:58', '2024-11-20 16:17:59', '2024-11-20', ''),
(73, '', '01-05', '', 'Jason Hakdog', '102020202', '3', NULL, '2024-11-20 16:17:59', '2024-11-20 16:18:01', '2024-11-20', ''),
(74, '', '01-05', '', 'Jason Hakdog', '102020202', '3', NULL, '2024-11-20 16:18:01', '2024-11-20 16:18:01', '2024-11-20', ''),
(75, '', '01-05', '', 'Jason Hakdog', '102020202', '3', NULL, '2024-11-20 16:18:02', '2024-11-20 16:18:02', '2024-11-20', ''),
(76, '', '01-05', '', 'Jason Hakdog', '102020202', '3', NULL, '2024-11-20 16:18:02', '2024-11-20 16:18:03', '2024-11-20', ''),
(77, '', '23258375', '', 'Ansel Christian Santos', '2023101024', '1', NULL, '2024-11-20 16:19:03', '2024-11-20 16:19:06', '2024-11-20', ''),
(78, '', '', '07E4E800', 'Ansel Christian Santos', '2023101024', '1', NULL, '2024-11-20 16:20:35', '2024-11-20 16:42:23', '2024-11-20', ''),
(79, '', '01-05', '', 'Jason Hakdog', '102020202', 'Kiosk 1', NULL, '2024-11-20 16:23:02', '2024-11-20 16:23:05', '2024-11-20', ''),
(80, '', '', '07e2151e', 'Ivan Coscolluela', '2023107673', 'Kiosk 1', NULL, '2024-11-20 16:45:59', '2024-11-20 16:46:09', '2024-11-20', ''),
(81, '', '', '07e4e800', 'Ansel Christian Santos', '2023101024', 'Kiosk 1', NULL, '2024-11-20 16:46:03', '2024-11-20 16:46:12', '2024-11-20', ''),
(82, '', '02157863', '', 'Lorenzo Delos Santos Jr', '2023100898', 'Kiosk 1', NULL, '2024-11-20 16:49:05', NULL, '2024-11-20', ''),
(83, '', '23258375', '', 'Ansel Christian Santos', '2023101024', 'Kiosk 1', NULL, '2024-11-20 16:50:01', NULL, '2024-11-20', ''),
(84, '', '', '07E4E800', 'Ansel Christian Santos', '2023101024', '1', NULL, '2024-11-20 16:58:06', '2024-11-20 16:58:12', '2024-11-20', ''),
(85, '', '', '07E2151E', 'Ivan Coscolluela', '2023107673', '2', NULL, '2024-11-20 17:20:50', NULL, '2024-11-20', ''),
(86, '', '01-05', '', 'Jason Hakdog', '102020202', '3', NULL, '2024-11-20 17:20:54', '2024-11-20 17:20:54', '2024-11-20', ''),
(87, '', '', '07E2151E', 'Ivan Coscolluela', '2023107673', '2', NULL, '2024-11-20 17:20:57', NULL, '2024-11-20', ''),
(88, '', '', '07E2151E', 'Ivan Coscolluela', '2023107673', '2', NULL, '2024-11-20 17:20:57', NULL, '2024-11-20', ''),
(89, '', '', '07E4E800', 'Ansel Christian Santos', '2023101024', '1', NULL, '2024-11-21 07:34:47', '2024-11-21 07:57:18', '2024-11-21', ''),
(90, '', '', '07E4E800', 'Ansel Christian Santos', '2023101024', '2', NULL, '2024-11-21 08:50:05', '2024-11-21 08:50:57', '2024-11-21', ''),
(91, '', '', '07E4E800', 'Ansel Christian Santos', '2023101024', '2', NULL, '2024-11-21 08:57:01', '2024-11-21 09:02:23', '2024-11-21', ''),
(92, '', '', '07E4E800', 'Ansel Christian Santos', '2023101024', 'Kiosk 1', NULL, '2024-11-21 09:08:06', '2024-11-21 13:38:37', '2024-11-21', ''),
(93, '', '01-05', '', 'Jason Hakdog', '102020202', 'Kiosk 1', NULL, '2024-11-21 09:43:29', '2024-11-21 09:46:16', '2024-11-21', ''),
(94, '', '02157863', '', 'Lorenzo Delos Santos Jr', '2023100898', 'Kiosk 1', NULL, '2024-11-21 10:30:16', '2024-11-21 10:32:29', '2024-11-21', ''),
(95, '', '02157863', '', 'Lorenzo Delos Santos Jr', '2023100898', 'Kiosk 1', NULL, '2024-11-21 10:34:19', '2024-11-21 10:34:41', '2024-11-21', ''),
(96, '', '', '07e2151e', 'Ivan Coscolluela', '2023107673', 'Kiosk 1', NULL, '2024-11-21 11:00:17', '2024-11-21 11:01:23', '2024-11-21', ''),
(97, '', '', '07e2151e', 'Ivan Coscolluela', '2023107673', 'Kiosk 1', NULL, '2024-11-21 11:02:31', '2024-11-21 11:11:49', '2024-11-21', ''),
(98, '', '02157863', '', 'Lorenzo Delos Santos Jr', '2023100898', 'Kiosk 1', NULL, '2024-11-21 11:04:15', NULL, '2024-11-21', ''),
(99, '', '01-05', '', 'Jason Hakdog', '102020202', 'Kiosk 1', NULL, '2024-11-21 11:13:15', '2024-11-21 11:22:57', '2024-11-21', ''),
(100, '', '2023107673', '', 'Ivan Coscolluela', '2023107673', 'Kiosk 1', NULL, '2024-11-21 11:22:23', NULL, '2024-11-21', ''),
(101, '', '01-05', '', 'Jason Hakdog', '102020202', 'Kiosk 1', NULL, '2024-11-21 11:24:45', '2024-11-21 11:25:04', '2024-11-21', ''),
(102, '', '', '07e2151e', 'Ivan Coscolluela', '2023107673', 'Kiosk 1', NULL, '2024-11-21 11:25:30', '2024-11-21 11:25:41', '2024-11-21', ''),
(103, '', '01-05', '', 'Jason Hakdog', '102020202', 'Kiosk 1', NULL, '2024-11-21 11:26:25', '2024-11-21 11:26:54', '2024-11-21', ''),
(104, '', '01-05', '', 'Jason Hakdog', '102020202', 'Kiosk 1', NULL, '2024-11-21 12:39:44', '2024-11-21 13:10:37', '2024-11-21', ''),
(105, '', '01-05', '', 'Jason Hakdog', '102020202', 'Kiosk 1', NULL, '2024-11-21 13:10:52', '2024-11-21 13:11:24', '2024-11-21', ''),
(106, '', '01-05', '', 'Jason Hakdog', '102020202', 'Kiosk 1', NULL, '2024-11-21 13:11:51', '2024-11-21 13:12:10', '2024-11-21', ''),
(107, '', '', '07e4e800', 'Ansel Christian Santos', '2023101024', 'Kiosk 1', NULL, '2024-11-21 13:38:40', '2024-11-21 13:38:45', '2024-11-21', ''),
(108, '', '01-05', '', 'Jason Hakdog', '102020202', 'Kiosk 1', NULL, '2024-11-21 13:41:37', '2024-11-21 13:44:19', '2024-11-21', ''),
(109, '', '01-05', '', 'Jason Hakdog', '102020202', 'Kiosk 1', NULL, '2024-11-21 13:51:22', '2024-11-21 13:58:17', '2024-11-21', ''),
(110, '', '01-05', '', 'Jason Hakdog', '102020202', 'Kiosk 1', NULL, '2024-11-21 14:00:34', '2024-11-21 14:05:17', '2024-11-21', ''),
(111, '', '01-05', '', 'Jason Hakdog', '102020202', 'Kiosk 1', NULL, '2024-11-21 14:06:55', '2024-11-21 14:07:40', '2024-11-21', ''),
(112, '', '01-05', '', 'Jason Hakdog', '102020202', 'Kiosk 1', NULL, '2024-11-21 14:13:37', '2024-11-21 14:14:08', '2024-11-21', ''),
(113, '', '01-05', '', 'Jason Hakdog', '102020202', 'Kiosk 1', NULL, '2024-11-21 14:53:35', '2024-11-21 16:17:24', '2024-11-21', ''),
(114, '', '', '07e4e800', 'Ansel Christian Santos', '2023101024', 'Kiosk 1', NULL, '2024-11-21 14:59:35', '2024-11-21 14:59:39', '2024-11-21', ''),
(115, '', '01-05', '', 'Jason Hakdog', '102020202', '2', NULL, '2024-11-21 17:25:45', '2024-11-21 17:25:49', '2024-11-21', ''),
(116, '', '01-05', '', 'Jason Hakdog', '102020202', 'Kiosk 1', NULL, '2024-11-21 17:26:35', NULL, '2024-11-21', ''),
(117, '', '01-05', '', 'Jason Hakdog', '102020202', '2', NULL, '2024-11-22 08:00:23', '2024-11-22 08:50:27', '2024-11-22', ''),
(118, '', '01-05', '', 'Jason Hakdog', '102020202', '2', NULL, '2024-11-22 08:50:30', '2024-11-22 08:50:31', '2024-11-22', ''),
(119, '', '01-05', '', 'Jason Hakdog', '102020202', '2', NULL, '2024-11-22 08:50:31', '2024-11-22 09:35:54', '2024-11-22', ''),
(120, '', '', '07e2151e', 'Ivan Coscolluela', '2023107673', 'Kiosk 1', NULL, '2024-11-22 08:52:41', '2024-11-22 08:52:51', '2024-11-22', ''),
(121, '', '', '07e2151e', 'Ivan Coscolluela', '2023107673', 'Kiosk 1', NULL, '2024-11-22 09:43:20', '2024-11-22 09:43:31', '2024-11-22', ''),
(122, '', '', '07e4e800', 'Ansel Christian Santos', '2023101024', 'Kiosk 1', NULL, '2024-11-22 09:43:24', '2024-11-22 09:43:27', '2024-11-22', ''),
(123, '', '', '07e4e800', 'Ansel Christian Santos', '2023101024', 'Kiosk 1', NULL, '2024-11-22 09:43:35', '2024-11-22 09:43:39', '2024-11-22', ''),
(124, '', '', '07e2151e', 'Ivan Coscolluela', '2023107673', 'Kiosk 1', NULL, '2024-11-22 09:43:37', '2024-11-22 09:43:41', '2024-11-22', ''),
(125, '', '23258375', '', 'Ansel Christian Santos', '2023101024', 'Kiosk 1', NULL, '2024-11-22 09:47:39', '2024-11-22 09:47:52', '2024-11-22', ''),
(126, '', '02157863', '', 'Lorenzo Delos Santos Jr', '2023100898', 'Kiosk 1', NULL, '2024-11-22 09:48:58', '2024-11-22 09:59:00', '2024-11-22', ''),
(127, '', '23258375', '', 'Ansel Christian Santos', '2023101024', 'Kiosk 1', NULL, '2024-11-22 10:00:12', '2024-11-22 10:05:02', '2024-11-22', ''),
(128, '', '', '07e4e800', 'Ansel Christian Santos', '2023101024', 'Kiosk 1', NULL, '2024-11-22 10:50:35', '2024-11-22 10:50:38', '2024-11-22', ''),
(129, '', '', '07e2151e', 'Ivan Coscolluela', '2023107673', 'Kiosk 1', NULL, '2024-11-22 10:56:59', '2024-11-22 10:57:09', '2024-11-22', ''),
(130, '', '', '07e2151e', 'Ivan Coscolluela', '2023107673', 'Kiosk 1', NULL, '2024-11-22 11:01:10', '2024-11-22 11:01:18', '2024-11-22', ''),
(131, '', '', '07e2151e', 'Ivan Coscolluela', '2023107673', 'Kiosk 1', NULL, '2024-11-22 11:02:13', '2024-11-22 11:02:18', '2024-11-22', ''),
(132, '', '02157863', '', 'Lorenzo Delos Santos Jr', '2023100898', 'Kiosk 1', NULL, '2024-11-22 11:16:55', '2024-11-22 11:16:59', '2024-11-22', ''),
(133, '', '23258375', '', 'Ansel Christian Santos', '2023101024', 'Kiosk 1', NULL, '2024-11-22 11:17:39', '2024-11-22 11:17:46', '2024-11-22', ''),
(134, '', '23258375', '', 'Ansel Christian Santos', '2023101024', 'Kiosk 1', NULL, '2024-11-22 11:20:00', '2024-11-22 11:23:36', '2024-11-22', ''),
(135, '', '23258375', '', 'Ansel Christian Santos', '2023101024', 'Kiosk 1', NULL, '2024-11-22 11:44:03', '2024-11-22 11:49:22', '2024-11-22', ''),
(136, '', '02157863', '', 'Lorenzo Delos Santos Jr', '2023100898', 'Kiosk 1', NULL, '2024-11-22 11:46:34', '2024-11-22 11:46:39', '2024-11-22', ''),
(137, '', '02157863', '', 'Lorenzo Delos Santos Jr', '2023100898', 'Kiosk 1', NULL, '2024-11-22 13:11:15', '2024-11-22 13:11:25', '2024-11-22', ''),
(138, '', '23258375', '', 'Ansel Christian Santos', '2023101024', 'Kiosk 1', NULL, '2024-11-22 13:20:42', '2024-11-22 13:20:48', '2024-11-22', ''),
(139, '', '', '07e4e800', 'Ansel Christian Santos', '2023101024', 'Kiosk 1', NULL, '2024-11-22 14:40:06', '2024-11-22 14:40:09', '2024-11-22', ''),
(140, '', '', '07e2151e', 'Ivan Coscolluela', '2023107673', 'Kiosk 1', NULL, '2024-11-22 14:43:26', '2024-11-22 14:43:41', '2024-11-22', ''),
(141, '', '', '07e4e800', 'Ansel Christian Santos', '2023101024', 'Kiosk 1', NULL, '2024-11-22 14:43:34', '2024-11-22 14:43:44', '2024-11-22', ''),
(142, '', '', '07e4e800', 'Ansel Christian Santos', '2023101024', 'Kiosk 1', NULL, '2024-11-22 14:50:07', '2024-11-22 14:50:16', '2024-11-22', ''),
(143, '', '', '07e2151e', 'Ivan Coscolluela', '2023107673', 'Kiosk 1', NULL, '2024-11-22 14:57:24', '2024-11-22 14:57:37', '2024-11-22', ''),
(144, '', '', '07e2151e', 'Ivan Coscolluela', '2023107673', 'Kiosk 1', NULL, '2024-11-22 15:33:56', '2024-11-22 15:34:04', '2024-11-22', ''),
(145, '', '02157863', '', 'Lorenzo Delos Santos Jr', '2023100898', 'Kiosk 1', NULL, '2024-11-22 15:38:57', '2024-11-22 15:41:22', '2024-11-22', ''),
(146, '', '23258375', '', 'Ansel Christian Santos', '2023101024', 'Kiosk 1', NULL, '2024-11-22 16:38:49', '2024-11-22 16:40:49', '2024-11-22', ''),
(147, '', '23258375', '', 'Ansel Christian Santos', '2023101024', 'Kiosk 1', NULL, '2024-11-22 16:40:53', '2024-11-22 16:58:28', '2024-11-22', ''),
(148, '', '23258375', '', 'Ansel Christian Santos', '2023101024', 'Kiosk 1', NULL, '2024-11-22 16:59:21', '2024-11-22 16:59:52', '2024-11-22', ''),
(149, '', '23258375', '', 'Ansel Christian Santos', '2023101024', 'Kiosk 1', NULL, '2024-11-25 09:51:20', '2024-11-25 09:51:24', '2024-11-25', ''),
(150, '', '23258375', '', 'Ansel Christian Santos', '2023101024', 'Kiosk 1', NULL, '2024-11-25 10:17:18', '2024-11-25 10:56:56', '2024-11-25', ''),
(151, '', '23258375', '', 'Ansel Christian Santos', '2023101024', 'Kiosk 1', NULL, '2024-11-25 11:36:29', '2024-11-25 11:36:44', '2024-11-25', ''),
(152, '', '23258375', '', 'Ansel Christian Santos', '2023101024', 'Kiosk 1', NULL, '2024-11-25 11:36:53', '2024-11-25 14:32:20', '2024-11-25', ''),
(153, '', '23258375', '', 'Ansel Christian Santos', '2023101024', 'Kiosk 1', NULL, '2024-11-26 10:00:31', '2024-11-26 10:00:35', '2024-11-26', ''),
(154, '', '02157863', '', 'Lorenzo Delos Santos Jr', '2023100898', 'Kiosk 1', NULL, '2024-11-26 10:27:56', '2024-11-26 11:14:24', '2024-11-26', ''),
(155, '', '02157863', '', 'Lorenzo Delos Santos Jr', '2023100898', 'Kiosk 1', NULL, '2024-11-26 11:14:29', '2024-11-26 11:33:35', '2024-11-26', ''),
(156, '', '', '07e2151e', 'Ivan Coscolluela', '2023107673', 'Kiosk 1', NULL, '2024-11-26 11:37:28', '2024-11-26 13:04:45', '2024-11-26', ''),
(157, '', '', '07e4e800', 'Ansel Christian Santos', '2023101024', 'Kiosk 1', NULL, '2024-11-26 11:37:33', NULL, '2024-11-26', ''),
(158, '', '23258375', '', 'Ansel Christian Santos', '2023101024', 'Kiosk 1', NULL, '2024-11-26 11:50:26', '2024-11-26 11:50:32', '2024-11-26', ''),
(159, '', '23258375', '', 'Ansel Christian Santos', '2023101024', 'Kiosk 1', NULL, '2024-11-26 11:52:18', '2024-11-26 13:01:40', '2024-11-26', ''),
(160, '', '02157863', '', 'Lorenzo Delos Santos Jr', '2023100898', 'Kiosk 1', NULL, '2024-11-26 12:58:03', '2024-11-26 13:01:06', '2024-11-26', ''),
(161, '', '', '07e2151e', 'Ivan Coscolluela', '2023107673', 'Kiosk 1', NULL, '2024-11-26 13:04:55', NULL, '2024-11-26', ''),
(162, '', '02157863', '', 'Lorenzo Delos Santos Jr', '2023100898', 'Kiosk 1', NULL, '2024-11-26 13:05:53', '2024-11-26 14:22:20', '2024-11-26', ''),
(163, '', '23258375', '', 'Ansel Christian Santos', '2023101024', 'Kiosk 1', NULL, '2024-11-26 13:05:57', '2024-11-26 14:39:30', '2024-11-26', ''),
(164, '', '', '132257054', 'Lorenzo Delos Santos Jr', '2023100898', 'Kiosk 1', NULL, '2024-11-26 13:12:28', '2024-11-26 14:28:25', '2024-11-26', ''),
(165, '', '', '132442112', 'Ansel Christian Santos', '2023101024', 'Kiosk 1', NULL, '2024-11-26 13:12:31', '2024-11-26 14:28:34', '2024-11-26', ''),
(166, '', '', '132257054', 'Lorenzo Delos Santos Jr', '2023100898', 'Kiosk 1', NULL, '2024-11-26 14:28:37', '2024-11-26 14:28:41', '2024-11-26', ''),
(167, '', '', '132442112', 'Ansel Christian Santos', '2023101024', 'Kiosk 1', NULL, '2024-11-26 14:28:39', '2024-11-26 14:28:43', '2024-11-26', ''),
(168, '', '', '132442112', 'Ansel Christian Santos', '2023101024', 'Kiosk 1', NULL, '2024-11-26 14:30:04', '2024-11-26 14:30:31', '2024-11-26', ''),
(169, '', '04', '', 'Heny Althea Bautista', '2023101062', 'Kiosk 1', NULL, '2024-11-26 16:23:16', '2024-11-26 16:25:05', '2024-11-26', ''),
(170, '', '04', '', 'Heny Althea Bautista', '2023101062', 'Kiosk 1', NULL, '2024-11-26 16:26:20', '2024-11-26 16:26:24', '2024-11-26', ''),
(171, '', '', '132257054', 'Lorenzo Delos Santos Jr', '2023100898', 'Kiosk 1', NULL, '2024-11-26 16:57:41', NULL, '2024-11-26', ''),
(172, '', '23258375', '', 'Ansel Christian Santos', '2023101024', 'Kiosk 1', NULL, '2024-11-26 17:04:17', NULL, '2024-11-26', ''),
(173, '', '02157863', '', 'Lorenzo Delos Santos Jr', '2023100898', 'Kiosk 1', NULL, '2024-11-26 17:04:21', NULL, '2024-11-26', ''),
(174, '', '23258375', '', 'Ansel Christian Santos', '2023101024', 'Kiosk 1', NULL, '2024-11-27 08:30:30', NULL, '2024-11-27', ''),
(175, '', '02157863', '', 'Lorenzo Delos Santos Jr', '2023100898', 'Kiosk 1', NULL, '2024-11-27 08:30:36', '2024-11-27 09:26:12', '2024-11-27', ''),
(176, '', '', '132442112', 'Ansel Christian Santos', '2023101024', 'Kiosk 1', NULL, '2024-11-27 09:04:14', '2024-11-27 09:04:17', '2024-11-27', ''),
(177, '', '', '132257054', 'Lorenzo Delos Santos Jr', '2023100898', 'Kiosk 1', NULL, '2024-11-27 09:08:05', '2024-11-27 09:09:05', '2024-11-27', ''),
(178, '', '', '132442112', 'Ansel Christian Santos', '2023101024', 'Kiosk 1', NULL, '2024-11-27 09:34:50', '2024-11-27 09:35:13', '2024-11-27', ''),
(179, '', '', '132257054', 'Lorenzo Delos Santos Jr', '2023100898', 'Kiosk 1', NULL, '2024-11-27 09:35:23', '2024-11-27 09:35:29', '2024-11-27', ''),
(180, '', '', '132442112', 'Ansel Christian Santos', '2023101024', 'Kiosk 1', NULL, '2024-11-27 09:35:26', '2024-11-27 09:35:38', '2024-11-27', ''),
(181, '', '', '132442112', 'Ansel Christian Santos', '2023101024', 'Kiosk 1', NULL, '2024-11-27 09:56:37', '2024-11-27 09:56:42', '2024-11-27', ''),
(182, '', '', '132257054', 'Lorenzo Delos Santos Jr', '2023100898', 'Kiosk 1', NULL, '2024-11-27 09:56:41', NULL, '2024-11-27', ''),
(183, '', '', '132442112', 'Ansel Christian Santos', '2023101024', 'Kiosk 1', NULL, '2024-11-27 09:56:47', '2024-11-27 09:56:52', '2024-11-27', ''),
(184, '', '', '132442112', 'Ansel Christian Santos', '2023101024', 'Kiosk 1', NULL, '2024-11-27 09:56:57', '2024-11-27 13:19:48', '2024-11-27', ''),
(185, '', '', '132442112', 'Ansel Christian Santos', '2023101024', 'Kiosk 1', NULL, '2024-11-27 13:19:56', '2024-11-27 13:20:09', '2024-11-27', ''),
(186, '', '23258375', '', 'Ansel Christian Santos', '2023101024', 'Kiosk 1', NULL, '2024-11-28 08:25:40', '2024-11-28 08:25:43', '2024-11-28', ''),
(187, '', '23258375', '', 'Ansel Christian Santos', '2023101024', 'Kiosk 1', NULL, '2024-11-28 09:21:45', '2024-11-28 13:09:35', '2024-11-28', ''),
(188, '', '23258375', '', 'Ansel Christian Santos', '2023101024', 'Kiosk 1', NULL, '2024-11-28 13:10:28', '2024-11-28 14:06:40', '2024-11-28', ''),
(189, '', '', '132442112', 'Ansel Christian Santos', '2023101024', 'Kiosk 1', NULL, '2024-11-28 14:32:13', '2024-11-28 14:32:16', '2024-11-28', ''),
(190, '', '', '132442112', 'Ansel Christian Santos', '2023101024', 'Kiosk 1', NULL, '2024-11-28 16:20:00', '2024-11-28 16:20:03', '2024-11-28', ''),
(191, '', '02157863', '', 'Lorenzo Delos Santos Jr', '2023100898', 'Kiosk 1', NULL, '2024-11-28 16:50:34', NULL, '2024-11-28', ''),
(192, '', '', '132442112', 'Ansel Christian Santos', '2023101024', 'Kiosk 1', NULL, '2024-11-29 10:27:28', '2024-11-29 11:28:01', '2024-11-29', ''),
(193, '', '02157863', '', 'Lorenzo Delos Santos Jr', '2023100898', 'Kiosk 1', NULL, '2024-11-29 11:02:24', '2024-11-29 11:41:02', '2024-11-29', ''),
(194, '', '23258375', '', 'Ansel Christian Santos', '2023101024', 'Kiosk 1', NULL, '2024-11-29 11:15:33', '2024-11-29 11:18:04', '2024-11-29', ''),
(195, '', '', '132442112', 'Ansel Christian Santos', '2023101024', 'Kiosk 1', NULL, '2024-11-29 13:19:54', '2024-11-29 13:28:17', '2024-11-29', ''),
(196, '', '23258375', '', 'Ansel Christian Santos', '2023101024', 'Kiosk 1', NULL, '2024-11-29 13:36:41', '2024-11-29 13:36:44', '2024-11-29', ''),
(197, '', '', '132442112', 'Ansel Christian Santos', '2023101024', 'Kiosk 1', NULL, '2024-12-02 09:12:55', '2024-12-02 09:31:12', '2024-12-02', ''),
(198, '', '', '132442112', 'Ansel Christian Santos', '2023101024', 'Kiosk 1', NULL, '2024-12-02 09:31:20', '2024-12-02 09:31:24', '2024-12-02', ''),
(199, '', '', '132442112', 'Ansel Christian Santos', '2023101024', 'Kiosk 1', NULL, '2024-12-02 09:59:48', '2024-12-02 09:59:53', '2024-12-02', ''),
(200, '', '', '132257054', 'Lorenzo Delos Santos Jr', '2023100898', 'Kiosk 1', NULL, '2024-12-02 10:06:20', '2024-12-02 10:06:22', '2024-12-02', ''),
(201, '', '', '132257054', 'Lorenzo Delos Santos Jr', '2023100898', 'Kiosk 1', NULL, '2024-12-02 10:44:20', '2024-12-02 10:44:25', '2024-12-02', ''),
(202, '', '', '132442112', 'Ansel Christian Santos', '2023101024', 'Kiosk 1', NULL, '2024-12-02 10:44:39', '2024-12-02 10:44:45', '2024-12-02', ''),
(203, '', '', '132257054', 'Lorenzo Delos Santos Jr', '2023100898', 'Kiosk 1', NULL, '2024-12-02 10:47:28', '2024-12-02 16:35:22', '2024-12-02', ''),
(204, '', '', '132442112', 'Ansel Christian Santos', '2023101024', 'Kiosk 1', NULL, '2024-12-02 10:47:40', '2024-12-02 11:04:25', '2024-12-02', ''),
(205, '', '', '132442112', 'Ansel Christian Santos', '2023101024', 'Kiosk 1', NULL, '2024-12-02 11:04:31', '2024-12-02 11:04:34', '2024-12-02', ''),
(206, '', '', '132442112', 'Ansel Christian Santos', '2023101024', 'Kiosk 1', NULL, '2024-12-02 11:05:41', '2024-12-02 11:05:44', '2024-12-02', ''),
(207, '', '', '132442112', 'Ansel Christian Santos', '2023101024', 'Kiosk 1', NULL, '2024-12-02 11:07:55', '2024-12-02 11:07:58', '2024-12-02', ''),
(208, '', '', '132442112', 'Ansel Christian Santos', '2023101024', 'Kiosk 1', NULL, '2024-12-02 11:27:57', '2024-12-02 11:28:00', '2024-12-02', ''),
(209, '', '', '132442112', 'Ansel Christian Santos', '2023101024', 'Kiosk 1', NULL, '2024-12-02 11:28:35', '2024-12-02 11:28:39', '2024-12-02', ''),
(210, '', '', '132442112', 'Ansel Christian Santos', '2023101024', 'Kiosk 1', NULL, '2024-12-02 11:32:09', '2024-12-02 11:32:12', '2024-12-02', ''),
(211, '', '', '132442112', 'Ansel Christian Santos', '2023101024', 'Kiosk 1', NULL, '2024-12-02 11:46:08', '2024-12-02 11:46:12', '2024-12-02', ''),
(212, '', '', '132442112', 'Ansel Christian Santos', '2023101024', 'Kiosk 1', NULL, '2024-12-02 11:49:13', '2024-12-02 11:49:16', '2024-12-02', ''),
(213, '', '', '132442112', 'Ansel Christian Santos', '2023101024', 'Kiosk 1', NULL, '2024-12-02 13:01:36', '2024-12-02 13:01:39', '2024-12-02', ''),
(214, '', '02157863', '', 'Lorenzo Delos Santos Jr', '2023100898', 'Kiosk 1', NULL, '2024-12-02 13:04:29', '2024-12-02 13:07:35', '2024-12-02', ''),
(215, '', '02157863', '', 'Lorenzo Delos Santos Jr', '2023100898', 'Kiosk 1', NULL, '2024-12-02 13:08:29', '2024-12-02 13:08:45', '2024-12-02', ''),
(216, '', '02157863', '', 'Lorenzo Delos Santos Jr', '2023100898', 'Kiosk 1', NULL, '2024-12-02 13:09:14', '2024-12-02 13:15:21', '2024-12-02', ''),
(217, '', '02157863', '', 'Lorenzo Delos Santos Jr', '2023100898', 'Kiosk 1', NULL, '2024-12-02 13:16:37', '2024-12-02 13:24:37', '2024-12-02', ''),
(218, '', '02157863', '', 'Lorenzo Delos Santos Jr', '2023100898', 'Kiosk 1', NULL, '2024-12-02 13:26:29', '2024-12-02 13:27:21', '2024-12-02', ''),
(219, '', '02157863', '', 'Lorenzo Delos Santos Jr', '2023100898', 'Kiosk 1', NULL, '2024-12-02 13:28:19', '2024-12-02 13:29:43', '2024-12-02', ''),
(220, '', '02157863', '', 'Lorenzo Delos Santos Jr', '2023100898', 'Kiosk 1', NULL, '2024-12-02 13:30:58', '2024-12-02 13:31:26', '2024-12-02', ''),
(221, '', '02157863', '', 'Lorenzo Delos Santos Jr', '2023100898', 'Kiosk 1', NULL, '2024-12-02 13:33:11', '2024-12-02 13:36:25', '2024-12-02', ''),
(222, '', '02157863', '', 'Lorenzo Delos Santos Jr', '2023100898', 'Kiosk 1', NULL, '2024-12-02 13:36:46', '2024-12-02 13:41:16', '2024-12-02', ''),
(223, '', '02157863', '', 'Lorenzo Delos Santos Jr', '2023100898', 'Kiosk 1', NULL, '2024-12-02 13:41:28', '2024-12-02 13:44:38', '2024-12-02', ''),
(224, '', '02157863', '', 'Lorenzo Delos Santos Jr', '2023100898', 'Kiosk 1', NULL, '2024-12-02 13:44:47', '2024-12-02 13:44:51', '2024-12-02', ''),
(225, '', '02157863', '', 'Lorenzo Delos Santos Jr', '2023100898', 'Kiosk 1', NULL, '2024-12-02 13:58:26', '2024-12-02 14:16:51', '2024-12-02', ''),
(226, '', '23258375', '', 'Ansel Christian Santos', '2023101024', 'Kiosk 1', NULL, '2024-12-02 14:09:48', '2024-12-02 14:16:33', '2024-12-02', ''),
(227, '', '02157863', '', 'Lorenzo Delos Santos Jr', '2023100898', 'Kiosk 1', NULL, '2024-12-02 14:16:56', '2024-12-02 14:17:00', '2024-12-02', ''),
(228, '', '02157863', '', 'Lorenzo Delos Santos Jr', '2023100898', 'Kiosk 1', NULL, '2024-12-02 14:20:13', '2024-12-02 14:20:16', '2024-12-02', ''),
(229, '', '02157863', '', 'Lorenzo Delos Santos Jr', '2023100898', 'Kiosk 1', NULL, '2024-12-02 14:20:19', '2024-12-02 14:20:22', '2024-12-02', ''),
(230, '', '02157863', '', 'Lorenzo Delos Santos Jr', '2023100898', 'Kiosk 1', NULL, '2024-12-02 14:20:29', '2024-12-02 14:20:40', '2024-12-02', ''),
(231, '', '23258375', '', 'Ansel Christian Santos', '2023101024', 'Kiosk 1', NULL, '2024-12-02 14:20:50', '2024-12-02 14:20:56', '2024-12-02', ''),
(232, '', '02157863', '', 'Lorenzo Delos Santos Jr', '2023100898', 'Kiosk 1', NULL, '2024-12-02 14:20:52', '2024-12-02 14:20:58', '2024-12-02', ''),
(233, '', '23258375', '', 'Ansel Christian Santos', '2023101024', 'Kiosk 1', NULL, '2024-12-02 16:37:51', '2024-12-02 16:37:59', '2024-12-02', ''),
(234, '', '', '132442112', 'Ansel Christian Santos', '2023101024', 'Kiosk 1', NULL, '2024-12-02 17:01:18', '2024-12-02 17:01:21', '2024-12-02', ''),
(235, '', '', '132442112', 'Ansel Christian Santos', '2023101024', 'Kiosk 1', NULL, '2024-12-02 17:04:53', '2024-12-02 17:04:55', '2024-12-02', ''),
(236, '', '', '132442112', 'Ansel Christian Santos', '2023101024', 'Kiosk 1', 'GF', '2024-12-02 17:06:09', '2024-12-02 17:06:11', '2024-12-02', ''),
(237, '', '', '132442112', 'Ansel Christian Santos', '2023101024', 'Kiosk 1', NULL, '2024-12-02 17:08:54', '2024-12-02 17:08:56', '2024-12-02', ''),
(238, '', '', '132442112', 'Ansel Christian Santos', '2023101024', 'Kiosk 1', NULL, '2024-12-02 17:10:40', '2024-12-02 17:10:45', '2024-12-02', ''),
(239, '', '', '132442112', 'Ansel Christian Santos', '2023101024', 'Kiosk 1', NULL, '2024-12-02 17:11:46', '2024-12-02 17:11:48', '2024-12-02', ''),
(240, '', '10012002', '', 'Angelo Pelayo', '2020-01492-MN-0', 'Kiosk 1', NULL, '2024-12-03 10:22:21', '2024-12-03 10:42:17', '2024-12-03', ''),
(241, '', '', '132257054', 'Lorenzo Delos Santos Jr', '2023100898', 'Kiosk 1', NULL, '2024-12-03 10:41:07', '2024-12-03 10:41:10', '2024-12-03', ''),
(242, '', '10012002', '', 'Angelo Pelayo', '2020-01492-MN-0', 'Kiosk 1', NULL, '2024-12-03 10:43:59', '2024-12-03 11:05:41', '2024-12-03', ''),
(243, '', '', '132257054', 'Lorenzo Delos Santos Jr', '2023100898', 'Kiosk 1', NULL, '2024-12-03 10:47:47', '2024-12-03 10:47:49', '2024-12-03', ''),
(244, '', '', '132257054', 'Lorenzo Delos Santos Jr', '2023100898', 'Kiosk 1', NULL, '2024-12-02 10:55:53', NULL, '2024-12-02', ''),
(245, '', '', '132257054', 'Test Lorenzo Delos Santos Jr', '2023100898', 'Kiosk 1', NULL, '2024-12-02 10:57:02', NULL, '2024-12-02', ''),
(246, '', '', '132257054', 'Lorenzo Delos Santos Jr', '2023100898', 'Kiosk 1', NULL, '2024-12-03 10:58:56', '2024-12-03 11:16:22', '2024-12-03', ''),
(247, '', '', '132442112', 'Ansel Christian Santos', '2023101024', 'Kiosk 1', NULL, '2024-12-03 11:16:24', '2024-12-03 14:04:35', '2024-12-03', ''),
(248, '', '', '132257054', 'Lorenzo Delos Santos Jr', '2023100898', 'Kiosk 1', NULL, '2024-12-03 11:16:26', '2024-12-03 11:25:25', '2024-12-03', ''),
(249, '', '', '132257054', 'Lorenzo Delos Santos Jr', '2023100898', 'Kiosk 1', NULL, '2024-12-03 11:26:44', '2024-12-03 11:26:51', '2024-12-03', ''),
(250, '', '', '132257054', 'Lorenzo Delos Santos Jr', '2023100898', 'Kiosk 1', NULL, '2024-12-03 11:26:55', '2024-12-03 11:27:18', '2024-12-03', ''),
(251, '', '', '132257054', 'Lorenzo Delos Santos Jr', '2023100898', 'Kiosk 1', NULL, '2024-12-03 13:45:06', '2024-12-03 13:45:09', '2024-12-03', ''),
(252, '', '', '132442112', 'Ansel Christian Santos', '2023101024', 'Kiosk 1', NULL, '2024-12-03 14:04:38', NULL, '2024-12-03', ''),
(253, '', '', '2283620858', 'Mikhan Balbastro', '2020-06019-MN-0', 'Kiosk 1', NULL, '2024-12-03 14:18:48', '2024-12-03 14:18:52', '2024-12-03', ''),
(254, '', '', '2282000216', 'Jason Vinas', '2020-06018-MN-0', 'Kiosk 1', NULL, '2024-12-03 14:19:06', '2024-12-03 14:19:09', '2024-12-03', ''),
(255, '', '', '2282000216', 'Jason Vinas', '2020-06018-MN-0', 'Kiosk 1', NULL, '2024-12-03 14:19:16', '2024-12-03 14:19:18', '2024-12-03', ''),
(256, '', '02157863', '', 'Lorenzo Delos Santos Jr', '2023100898', 'Kiosk 1', NULL, '2024-12-03 14:20:54', NULL, '2024-12-03', ''),
(257, '', '', '2283656952', 'Jake Jake', '2020-06017-MN-0', 'Kiosk 1', NULL, '2024-12-03 14:24:22', '2024-12-03 14:24:28', '2024-12-03', ''),
(258, '', '', '132257054', 'Lorenzo Delos Santos Jr', '2023100898', 'Kiosk 1', NULL, '2024-12-03 14:25:50', '2024-12-03 16:07:20', '2024-12-03', ''),
(259, '', '', '2794048060', 'Elevator Decahomes', '2020-06199-MN-0', 'Kiosk 1', NULL, '2024-12-03 14:30:22', '2024-12-03 14:30:26', '2024-12-03', ''),
(260, '', '', '2794048060', 'Trisha Mae Panganiban', '2020-06199-MN-0', 'Kiosk 1', NULL, '2024-12-03 14:32:38', '2024-12-03 14:32:43', '2024-12-03', ''),
(261, '', '', '2282000216', 'Jason Vinas', '2020-06018-MN-0', 'Kiosk 1', NULL, '2024-12-03 15:01:31', '2024-12-03 15:01:33', '2024-12-03', ''),
(262, '', '', '2794048060', 'Trisha Mae Panganiban', '2020-06199-MN-0', 'Kiosk 1', NULL, '2024-12-03 15:02:53', '2024-12-03 15:02:57', '2024-12-03', ''),
(263, '', '', '2794048060', 'Trisha Mae Panganiban', '2020-06199-MN-0', 'Kiosk 1', NULL, '2024-12-03 15:04:58', '2024-12-03 15:05:12', '2024-12-03', ''),
(264, '', '', '2282000216', 'Jason Vinas', '2020-06018-MN-0', 'Kiosk 1', NULL, '2024-12-03 15:05:09', '2024-12-03 15:05:15', '2024-12-03', ''),
(265, '', '', '2794048060', 'Trisha Mae Panganiban', '2020-06199-MN-0', 'Kiosk 1', NULL, '2024-12-03 16:01:34', '2024-12-03 16:01:36', '2024-12-03', ''),
(266, '', '', '2283620858', 'Mikhan Balbastro', '2020-06019-MN-0', 'Kiosk 1', NULL, '2024-12-03 16:03:17', '2024-12-03 16:03:19', '2024-12-03', ''),
(267, '', '', '2283656952', 'Jake Jake', '2020-06017-MN-0', 'Kiosk 1', NULL, '2024-12-03 16:06:10', '2024-12-03 16:06:14', '2024-12-03', ''),
(268, '', '', '132257054', 'Lorenzo Delos Santos Jr', '2023100898', 'Kiosk 1', NULL, '2024-12-03 16:07:25', '2024-12-03 16:07:28', '2024-12-03', ''),
(269, '', '', '132257054', 'Lorenzo Delos Santos Jr', '2023100898', 'Kiosk 1', NULL, '2024-12-03 16:11:51', '2024-12-03 16:11:54', '2024-12-03', ''),
(270, '', '', '132257054', 'Lorenzo Delos Santos Jr', '2023100898', 'Kiosk 1', NULL, '2024-12-03 16:54:31', '2024-12-03 16:54:35', '2024-12-03', ''),
(271, '', '', '2282000216', 'Jason Vinas', '2020-06018-MN-0', 'Kiosk 1', NULL, '2024-12-03 17:01:14', '2024-12-03 17:01:17', '2024-12-03', ''),
(272, '', '', '2794048060', 'Trisha Mae Panganiban', '2020-06199-MN-0', 'Kiosk 1', NULL, '2024-12-04 08:45:55', '2024-12-04 08:45:57', '2024-12-04', ''),
(273, '', '123456', '', 'Rhylie Cedeno', '132465789', 'Kiosk 1', NULL, '2024-12-04 10:41:28', '2024-12-04 10:43:17', '2024-12-04', ''),
(274, '', '', '2794048060', 'Trisha Mae Panganiban', '2020-06199-MN-0', 'Kiosk 1', NULL, '2024-12-04 11:20:36', '2024-12-04 11:20:38', '2024-12-04', ''),
(275, '', '', '2282000216', 'Jason Vinas', '2020-06018-MN-0', 'Kiosk 1', NULL, '2024-12-04 11:35:20', NULL, '2024-12-04', ''),
(276, '', '', '132257054', 'Lorenzo Delos Santos Jr', '2023100898', 'Kiosk 1', NULL, '2024-12-04 11:35:26', NULL, '2024-12-04', ''),
(277, '', '', '1434119', 'Lorenzo Delos Santos Jr', '2023100898', 'Kiosk 1', NULL, '2024-12-04 15:07:48', '2024-12-04 15:07:51', '2024-12-04', ''),
(278, '', '', '6244887', 'Angelo Pelayo', '2020-01492-MN-0', 'Kiosk 1', NULL, '2024-12-04 15:43:39', NULL, '2024-12-04', ''),
(279, '', '', '1434119', 'Lorenzo Delos Santos Jr', '2023100898', 'Kiosk 1', NULL, '2024-12-04 15:43:41', NULL, '2024-12-04', ''),
(280, '', '', '15262727', 'Ansel Christian Santos', '2023101024', 'Kiosk 1', NULL, '2024-12-04 15:43:46', NULL, '2024-12-04', ''),
(281, '', '', '15262727', 'Ansel Christian Santos', '2023101024', 'Kiosk 1', NULL, '2024-12-05 07:43:48', '2024-12-05 16:23:09', '2024-12-05', ''),
(282, '', '', '13836567', 'Rhylie Cedeno', '132465789', 'Kiosk 1', NULL, '2024-12-05 13:15:03', '2024-12-05 13:15:08', '2024-12-05', ''),
(283, '', '', '13836567', 'Rhylie Cedeno', '132465789', 'Kiosk 1', NULL, '2024-12-05 13:46:01', '2024-12-05 13:46:04', '2024-12-05', ''),
(284, '', '', '13836567', 'Rhylie Cedeno', '132465789', 'Kiosk 1', NULL, '2024-12-05 13:46:08', '2024-12-05 15:33:59', '2024-12-05', ''),
(285, '', '', '13836567', 'Rhylie Cedeno', '132465789', 'Kiosk 1', NULL, '2024-12-05 15:45:17', '2024-12-05 16:23:11', '2024-12-05', ''),
(286, '', '123', '', 'Rhylie Cedeno', '132465789', 'Kiosk 1', NULL, '2024-12-05 15:50:30', NULL, '2024-12-05', ''),
(287, '', '', '1434119', 'Lorenzo Delos Santos Jr', '2023100898', 'Kiosk 1', NULL, '2024-12-05 16:23:07', '2024-12-05 16:23:17', '2024-12-05', ''),
(288, '', '', '15262727', 'Ansel Christian Santos', '2023101024', 'Kiosk 1', NULL, '2024-12-05 16:23:14', '2024-12-05 16:24:06', '2024-12-05', ''),
(289, '', '', '13836567', 'Rhylie Cedeno', '132465789', 'Kiosk 1', NULL, '2024-12-05 16:24:08', '2024-12-05 16:24:12', '2024-12-05', ''),
(290, '', '', '15262727', 'Ansel Christian Santos', '2023101024', 'Kiosk 1', NULL, '2024-12-05 16:24:11', '2024-12-05 16:36:32', '2024-12-05', ''),
(291, '', '', '13836567', 'Rhylie Cedeno', '132465789', 'Kiosk 1', NULL, '2024-12-05 16:27:55', '2024-12-05 16:27:57', '2024-12-05', ''),
(292, '', '', '13836567', 'Rhylie Cedeno', '132465789', 'Kiosk 1', NULL, '2024-12-05 16:36:17', '2024-12-05 16:36:25', '2024-12-05', ''),
(293, '', '', '15262727', 'Ansel Christian Santos', '2023101024', 'Kiosk 1', NULL, '2024-12-05 16:42:53', '2024-12-05 16:43:04', '2024-12-05', ''),
(294, '', '', '15262727', 'Ansel Christian Santos', '2023101024', 'Kiosk 1', NULL, '2024-12-05 16:44:32', '2024-12-05 16:44:37', '2024-12-05', ''),
(295, '', '', '15262727', 'Ansel Christian Santos', '2023101024', 'Kiosk 1', NULL, '2024-12-05 16:50:08', '2024-12-05 16:50:16', '2024-12-05', ''),
(296, '', '', '15262727', 'Ansel Christian Santos', '2023101024', 'Kiosk 1', NULL, '2024-12-05 16:55:46', '2024-12-05 16:55:59', '2024-12-05', ''),
(297, '', '', '15262727', 'Ansel Christian Santos', '2023101024', 'Kiosk 1', NULL, '2024-12-05 16:56:06', '2024-12-05 16:56:17', '2024-12-05', ''),
(298, '', '', '1434119', 'Lorenzo Delos Santos Jr', '2023100898', 'Kiosk 1', NULL, '2024-12-09 10:11:13', '2024-12-09 14:00:32', '2024-12-09', ''),
(299, '', '', '13836567', 'Rhylie Cedeno', '132465789', 'Kiosk 1', NULL, '2024-12-09 10:20:35', '2024-12-09 10:20:38', '2024-12-09', ''),
(300, '', '', '1434119', 'Lorenzo Delos Santos Jr', '2023100898', 'Kiosk 1', NULL, '2024-12-09 14:03:09', '2024-12-09 14:03:16', '2024-12-09', ''),
(301, '', '', '1434119', 'Lorenzo Delos Santos Jr', '2023100898', 'Kiosk 1', NULL, '2024-12-09 14:06:24', '2024-12-09 14:06:31', '2024-12-09', ''),
(302, '', '', '15262727', 'Ansel Christian Santos', '2023101024', 'Kiosk 1', NULL, '2024-12-09 14:08:42', '2024-12-09 14:08:55', '2024-12-09', ''),
(303, '', '', '15262727', 'Ansel Christian Santos', '2023101024', 'Kiosk 1', NULL, '2024-12-09 14:09:17', '2024-12-09 14:09:27', '2024-12-09', ''),
(304, '', '', '13836567', 'Rhylie Cedeno', '132465789', 'Kiosk 1', NULL, '2024-12-09 14:09:22', '2024-12-09 14:09:29', '2024-12-09', ''),
(305, '', '', '1434119', 'Lorenzo Delos Santos Jr', '2023100898', 'Kiosk 1', NULL, '2024-12-09 14:09:24', '2024-12-09 14:09:30', '2024-12-09', ''),
(306, '', '', '15262727', 'Ansel Christian Santos', '2023101024', 'Kiosk 1', NULL, '2024-12-09 14:09:57', '2024-12-09 14:10:03', '2024-12-09', ''),
(307, '', '', '13836567', 'Rhylie Cedeno', '132465789', 'Kiosk 1', NULL, '2024-12-09 14:09:59', '2024-12-09 14:10:04', '2024-12-09', ''),
(308, '', '', '1434119', 'Lorenzo Delos Santos Jr', '2023100898', 'Kiosk 1', NULL, '2024-12-09 14:10:01', '2024-12-09 14:10:06', '2024-12-09', ''),
(309, '', '', '15262727', 'Ansel Christian Santos', '2023101024', 'Kiosk 1', NULL, '2024-12-09 14:10:08', '2024-12-09 14:10:13', '2024-12-09', ''),
(310, '', '', '13836567', 'Rhylie Cedeno', '132465789', 'Kiosk 1', NULL, '2024-12-09 14:10:10', '2024-12-09 14:10:16', '2024-12-09', ''),
(311, '', '', '1434119', 'Lorenzo Delos Santos Jr', '2023100898', 'Kiosk 1', NULL, '2024-12-09 14:10:11', '2024-12-09 14:10:24', '2024-12-09', ''),
(312, '', '', '13836567', 'Rhylie Cedeno', '132465789', 'Kiosk 1', NULL, '2024-12-09 14:17:36', '2024-12-09 14:17:54', '2024-12-09', ''),
(313, '', '', '13836567', 'Rhylie Cedeno', '132465789', 'Kiosk 1', NULL, '2024-12-09 14:19:35', '2024-12-09 14:19:36', '2024-12-09', ''),
(314, '', '', '15262727', 'Ansel Christian Santos', '2023101024', 'Kiosk 1', NULL, '2024-12-09 14:33:49', '2024-12-09 14:33:55', '2024-12-09', ''),
(315, '', '', '1434119', 'Lorenzo Delos Santos Jr', '2023100898', 'Kiosk 1', NULL, '2024-12-09 14:33:51', '2024-12-09 14:33:57', '2024-12-09', ''),
(316, '', '', '13836567', 'Rhylie Cedeno', '132465789', 'Kiosk 1', NULL, '2024-12-09 14:33:53', '2024-12-09 14:33:59', '2024-12-09', ''),
(317, '', '', '15262727', 'Ansel Christian Santos', '2023101024', 'Kiosk 1', NULL, '2024-12-09 14:34:01', '2024-12-09 14:34:06', '2024-12-09', ''),
(318, '', '', '1434119', 'Lorenzo Delos Santos Jr', '2023100898', 'Kiosk 1', NULL, '2024-12-09 14:34:02', '2024-12-09 14:34:08', '2024-12-09', ''),
(319, '', '', '13836567', 'Rhylie Cedeno', '132465789', 'Kiosk 1', NULL, '2024-12-09 14:34:04', '2024-12-09 14:34:10', '2024-12-09', ''),
(320, '', '', '15262727', 'Ansel Christian Santos', '2023101024', 'Kiosk 1', NULL, '2024-12-09 14:34:12', '2024-12-09 14:35:13', '2024-12-09', ''),
(321, '', '', '1434119', 'Lorenzo Delos Santos Jr', '2023100898', 'Kiosk 1', NULL, '2024-12-09 14:34:14', '2024-12-09 14:35:11', '2024-12-09', ''),
(322, '', '', '13836567', 'Rhylie Cedeno', '132465789', 'Kiosk 1', NULL, '2024-12-09 14:35:15', '2024-12-09 14:35:19', '2024-12-09', ''),
(323, '', '123', '', 'Rhylie Cedeno', '132465789', 'Kiosk 1', NULL, '2024-12-09 14:48:01', '2024-12-09 15:14:46', '2024-12-09', ''),
(324, '', '123', '', 'Rhylie Cedeno', '132465789', 'Kiosk 1', NULL, '2024-12-09 15:15:40', '2024-12-09 15:19:15', '2024-12-09', '');

-- --------------------------------------------------------

--
-- Table structure for table `attendance`
--

CREATE TABLE `attendance` (
  `id` int(11) NOT NULL,
  `username` char(6) NOT NULL,
  `employee_id` int(3) UNSIGNED ZEROFILL NOT NULL,
  `department_id` char(3) NOT NULL,
  `shift_id` int(1) NOT NULL,
  `location_id` int(1) NOT NULL,
  `in_time` int(11) NOT NULL,
  `notes` varchar(120) NOT NULL,
  `image` varchar(50) NOT NULL,
  `lack_of` varchar(11) NOT NULL,
  `in_status` varchar(15) NOT NULL,
  `out_time` int(11) NOT NULL,
  `out_status` varchar(15) NOT NULL
) ENGINE=InnoDB DEFAULT CHARSET=latin1 COLLATE=latin1_swedish_ci;

--
-- Dumping data for table `attendance`
--

INSERT INTO `attendance` (`id`, `username`, `employee_id`, `department_id`, `shift_id`, `location_id`, `in_time`, `notes`, `image`, `lack_of`, `in_status`, `out_time`, `out_status`) VALUES
(45, 'ADM011', 011, 'ADM', 1, 1, 1589178316, 'sdf', 'item-200511-8f5d7be1a1.jpg', 'None', 'Late', 1589178477, 'Early'),
(48, 'ADM011', 011, 'ADM', 1, 1, 1589381121, '', 'item-200513-ad6953a07e.jpg', 'Notes', 'Late', 1589381127, 'Over Time'),
(49, 'PCD010', 010, 'PCD', 2, 1, 1589384432, 'asdasd', '', 'None,image', 'Late', 1589384514, 'Over Time'),
(50, 'ADM011', 011, 'ADM', 1, 1, 1589391038, '', '', 'Notes,image', 'On Time', 1589391056, 'Early'),
(51, 'PCD010', 010, 'PCD', 3, 1, 1622553388, 'testing', 'item-210601-3946bb00df.png', 'None', 'Late', 1622553470, 'Over Time'),
(52, 'PCD010', 010, 'PCD', 3, 2, 1631893356, 'none', '', 'None,image', 'Late', 1631893413, 'Over Time'),
(53, 'STD026', 026, 'STD', 1, 1, 1631894335, 'none', '', 'None,image', 'Late', 1631894403, 'Over Time'),
(54, 'ADM011', 011, 'ADM', 1, 2, 1631894692, 'demo', '', 'None,image', 'Late', 1631894696, 'Over Time'),
(55, 'QCD027', 027, 'QCD', 6, 2, 1631499386, 'none..', '', 'None,image', 'Late', 1631529057, 'Early'),
(56, 'QCD027', 027, 'QCD', 6, 2, 1631583036, 'none', '', 'None,image', 'Late', 1631611849, 'Early'),
(58, 'QCD027', 027, 'QCD', 6, 1, 1631733350, 'none', '', 'None,image', 'Late', 1631797356, 'Early'),
(59, 'QCD027', 027, 'QCD', 6, 4, 1631863331, 'none', '', 'None,image', 'Late', 1631896539, 'Early'),
(60, 'QCD027', 027, 'QCD', 6, 1, 1631214919, 'none', '', 'None,image', 'Late', 1631250936, 'Over Time'),
(61, 'STD026', 026, 'STD', 1, 2, 1631493955, 'none', '', 'None,image', 'On Time', 1631523613, 'Over Time'),
(62, 'ADM011', 011, 'ADM', 1, 1, 1631584873, 'none', '', 'None,image', 'Late', 1631621603, 'Over Time'),
(63, 'QCD027', 027, 'QCD', 6, 2, 1632109417, 'this is a demo note!', '', 'None,image', 'Late', 1632109437, 'Early'),
(64, '', 002, 'ACD', 2, 3, 1632109840, 'demo demo', '', 'None,image', 'On Time', 1632109845, 'Early'),
(65, 'STD026', 026, 'STD', 1, 2, 1632109903, 'test', '', 'None,image', 'Late', 1632109905, 'Early');

-- --------------------------------------------------------

--
-- Table structure for table `attend_faculty`
--

CREATE TABLE `attend_faculty` (
  `qrcode` varchar(20) DEFAULT NULL,
  `RFID` varchar(20) DEFAULT NULL,
  `username` varchar(20) DEFAULT NULL,
  `srcode` varchar(20) DEFAULT NULL,
  `building` varchar(11) DEFAULT NULL,
  `in_time` varchar(50) DEFAULT NULL,
  `date` date DEFAULT NULL
) ENGINE=InnoDB DEFAULT CHARSET=utf8mb4 COLLATE=utf8mb4_general_ci;

--
-- Dumping data for table `attend_faculty`
--

INSERT INTO `attend_faculty` (`qrcode`, `RFID`, `username`, `srcode`, `building`, `in_time`, `date`) VALUES
('73497539', '0', 'student name', '533-53390', '1', '2023-01-26 05:22:07pm', NULL),
('46825954', '0', 'student name', '198-12777', '4', '2023-01-26 05:22:09pm', NULL),
('92140932', '0', 'student name', '696-93030', '1', '2023-01-26 05:22:11pm', NULL),
('32504289', '0', 'student name', '918-66464', '3', '2023-01-26 05:22:40pm', NULL),
('0', '80706786', 'student name', '388-20142', '2', '2023-01-26 05:22:42pm', NULL),
('96596959', '0', 'student name', '815-59958', '4', '2023-01-26 05:25:10pm', NULL),
('73021072', '0', 'student name', '406-36306', '2', '2023-01-26 05:26:17pm', NULL),
('75892643', '0', 'student name', '557-25871', '4', '2023-01-26 05:26:20pm', NULL),
('0', '70033772', 'student name', '189-48862', '1', '2023-01-26 05:26:22pm', NULL),
('0', '49942050', 'student name', '664-85130', '4', '2023-01-26 05:26:24pm', NULL),
('0', '80426505', 'student name', '228-23162', '1', '2023-01-26 05:26:26pm', NULL),
('92140932', '0', 'student name', '696-93030', '3', '2023-01-26 05:27:15pm', NULL),
('22550016', '0', 'student name', '996-41753', '2', '2023-01-26 05:27:17pm', NULL),
('88680157', '0', 'student name', '854-16183', '2', '2023-01-26 05:27:20pm', NULL),
('0', '98922019', 'student name', '968-31628', '2', '2023-01-26 05:27:22pm', NULL),
('0', '38610525', 'student name', '760-23510', '3', '2023-01-26 05:27:24pm', NULL),
('0', '93669321', 'student name', '970-25673', '3', '2023-01-26 05:29:36pm', NULL),
('0', '49174497', 'student name', '750-40315', '1', '2023-01-26 05:29:37pm', NULL),
('14349864', '0', 'student name', '918-46058', '2', '2023-01-26 05:29:38pm', NULL),
('0', '67724600', 'student name', '364-23336', '3', '2023-01-26 05:29:40pm', NULL),
('0', '56361962', 'student name', '136-53443', '1', '2023-01-26 05:30:46pm', NULL),
('0', '48489972', 'student name', '276-78656', '2', '2023-01-26 05:30:48pm', NULL),
('96710438', '0', 'student name', '134-85962', '1', '2023-01-26 05:30:49pm', NULL),
('0', '46055636', 'student name', '923-53821', '4', '2023-01-26 05:30:50pm', NULL),
('0', '15035885', 'student name', '162-30806', '2', '2023-01-26 05:30:51pm', NULL),
('0', '78285379', 'student name', '525-36878', '1', '2023-01-26 05:30:52pm', NULL),
('0', '56204755', 'student name', '851-43229', '2', '2023-01-26 05:30:53pm', NULL),
('31348726', '0', 'student name', '592-65366', '4', '2023-01-26 05:30:54pm', NULL),
('0', '91386258', 'student name', '725-91969', '4', '2023-01-26 05:30:55pm', NULL),
('61666868', '0', 'student name', '694-49790', '3', '2023-01-26 05:30:56pm', NULL),
('54647949', '0', 'student name', '197-65242', '2', '2023-01-26 05:30:58pm', NULL),
('46656965', '0', 'student name', '935-79459', '3', '2023-01-26 05:30:59pm', NULL),
('61666868', '87773533', 'Kelvin', '694-49790', '3', '3:30 pm', '2023-02-09'),
(NULL, '000000', 'student name', NULL, '1', '2023-02-14', NULL),
('000', '000', '000', '000', '003', '05:54:25pm', '0000-00-00'),
('000', '000', '000', '000', '003', '05:55:45pm', '0000-00-00'),
('000', '000', '000', '000', '3', '06:00:22pm', '2023-02-14'),
('000', '000', '000', '694-49790', '3', '06:13:02pm', '2023-02-14'),
('98161702', '31749062', 'Allen Lopez', '942-97827', '1', '06:32:45pm', '2023-02-14'),
('25674934', '91386258', 'Alisa Wong', '725-91969', '2', '06:59:25pm', '2023-02-14'),
('25674934', '91386258', 'Alisa Wong', '725-91969', '2', '07:01:00pm', '2023-02-14'),
('25674934', '91386258', 'Alisa Wong', '725-91969', '2', '09:59:23am', '2023-02-15'),
('25674934', '91386258', 'Alisa Wong', '725-91969', '2', '10:00:02am', '2023-02-15'),
('25674934', '91386258', 'Alisa Wong', '725-91969', '2', '10:00:22am', '2023-02-15'),
('73497539', '0', 'student name', '533-53390', '1', '2023-01-26 05:22:07pm', NULL),
('46825954', '0', 'student name', '198-12777', '4', '2023-01-26 05:22:09pm', NULL),
('92140932', '0', 'student name', '696-93030', '1', '2023-01-26 05:22:11pm', NULL),
('32504289', '0', 'student name', '918-66464', '3', '2023-01-26 05:22:40pm', NULL),
('0', '80706786', 'student name', '388-20142', '2', '2023-01-26 05:22:42pm', NULL),
('96596959', '0', 'student name', '815-59958', '4', '2023-01-26 05:25:10pm', NULL),
('73021072', '0', 'student name', '406-36306', '2', '2023-01-26 05:26:17pm', NULL),
('75892643', '0', 'student name', '557-25871', '4', '2023-01-26 05:26:20pm', NULL),
('0', '70033772', 'student name', '189-48862', '1', '2023-01-26 05:26:22pm', NULL),
('0', '49942050', 'student name', '664-85130', '4', '2023-01-26 05:26:24pm', NULL),
('0', '80426505', 'student name', '228-23162', '1', '2023-01-26 05:26:26pm', NULL),
('92140932', '0', 'student name', '696-93030', '3', '2023-01-26 05:27:15pm', NULL),
('22550016', '0', 'student name', '996-41753', '2', '2023-01-26 05:27:17pm', NULL),
('88680157', '0', 'student name', '854-16183', '2', '2023-01-26 05:27:20pm', NULL),
('0', '98922019', 'student name', '968-31628', '2', '2023-01-26 05:27:22pm', NULL),
('0', '38610525', 'student name', '760-23510', '3', '2023-01-26 05:27:24pm', NULL),
('0', '93669321', 'student name', '970-25673', '3', '2023-01-26 05:29:36pm', NULL),
('0', '49174497', 'student name', '750-40315', '1', '2023-01-26 05:29:37pm', NULL),
('14349864', '0', 'student name', '918-46058', '2', '2023-01-26 05:29:38pm', NULL),
('0', '67724600', 'student name', '364-23336', '3', '2023-01-26 05:29:40pm', NULL),
('0', '56361962', 'student name', '136-53443', '1', '2023-01-26 05:30:46pm', NULL),
('0', '48489972', 'student name', '276-78656', '2', '2023-01-26 05:30:48pm', NULL),
('96710438', '0', 'student name', '134-85962', '1', '2023-01-26 05:30:49pm', NULL),
('0', '46055636', 'student name', '923-53821', '4', '2023-01-26 05:30:50pm', NULL),
('0', '15035885', 'student name', '162-30806', '2', '2023-01-26 05:30:51pm', NULL),
('0', '78285379', 'student name', '525-36878', '1', '2023-01-26 05:30:52pm', NULL),
('0', '56204755', 'student name', '851-43229', '2', '2023-01-26 05:30:53pm', NULL),
('31348726', '0', 'student name', '592-65366', '4', '2023-01-26 05:30:54pm', NULL),
('0', '91386258', 'student name', '725-91969', '4', '2023-01-26 05:30:55pm', NULL),
('61666868', '0', 'student name', '694-49790', '3', '2023-01-26 05:30:56pm', NULL),
('54647949', '0', 'student name', '197-65242', '2', '2023-01-26 05:30:58pm', NULL),
('46656965', '0', 'student name', '935-79459', '3', '2023-01-26 05:30:59pm', NULL),
('61666868', '87773533', 'Kelvin', '694-49790', '3', '3:30 pm', '2023-02-09'),
(NULL, '000000', 'student name', NULL, '1', '2023-02-14', NULL),
('000', '000', '000', '000', '003', '05:54:25pm', '0000-00-00'),
('000', '000', '000', '000', '003', '05:55:45pm', '0000-00-00'),
('000', '000', '000', '000', '3', '06:00:22pm', '2023-02-14'),
('000', '000', '000', '694-49790', '3', '06:13:02pm', '2023-02-14'),
('98161702', '31749062', 'Allen Lopez', '942-97827', '1', '06:32:45pm', '2023-02-14'),
('25674934', '91386258', 'Alisa Wong', '725-91969', '2', '06:59:25pm', '2023-02-14'),
('25674934', '91386258', 'Alisa Wong', '725-91969', '2', '07:01:00pm', '2023-02-14'),
('25674934', '91386258', 'Alisa Wong', '725-91969', '2', '09:59:23am', '2023-02-15'),
('25674934', '91386258', 'Alisa Wong', '725-91969', '2', '10:00:02am', '2023-02-15'),
('25674934', '91386258', 'Alisa Wong', '725-91969', '2', '10:00:22am', '2023-02-15');

-- --------------------------------------------------------

--
-- Table structure for table `ban_list`
--

CREATE TABLE `ban_list` (
  `id` int(11) NOT NULL,
  `category` varchar(20) DEFAULT NULL,
  `qrcode` varchar(20) DEFAULT NULL,
  `rfid` varchar(20) DEFAULT NULL,
  `at_time` datetime DEFAULT NULL,
  `reason` varchar(50) DEFAULT NULL
) ENGINE=InnoDB DEFAULT CHARSET=utf8mb4 COLLATE=utf8mb4_general_ci;

-- --------------------------------------------------------

--
-- Table structure for table `booking`
--

CREATE TABLE `booking` (
  `id` int(11) NOT NULL,
  `device` int(11) DEFAULT NULL,
  `user_id` varchar(20) DEFAULT NULL,
  `code_type` int(11) DEFAULT NULL,
  `code` varchar(30) DEFAULT NULL,
  `floor` varchar(20) DEFAULT NULL,
  `room` varchar(20) DEFAULT NULL,
  `slot_id` int(8) DEFAULT NULL,
  `date` date DEFAULT NULL,
  `start_time` varchar(30) DEFAULT NULL,
  `end_time` varchar(30) DEFAULT NULL,
  `in_time` varchar(30) DEFAULT NULL,
  `in_status` varchar(10) DEFAULT NULL,
  `out_time` varchar(30) DEFAULT NULL,
  `out_status` varchar(10) DEFAULT NULL,
  `at_time` timestamp NULL DEFAULT NULL
) ENGINE=InnoDB DEFAULT CHARSET=utf8mb4 COLLATE=utf8mb4_general_ci;

--
-- Dumping data for table `booking`
--

INSERT INTO `booking` (`id`, `device`, `user_id`, `code_type`, `code`, `floor`, `room`, `slot_id`, `date`, `start_time`, `end_time`, `in_time`, `in_status`, `out_time`, `out_status`, `at_time`) VALUES
(379, 0, '114', 0, '13836567', 'GF', 'Digital Library', 1, '2024-12-09', '6', '9', '14:00', 'cancelled', '17:00', 'cancelled', '2024-12-09 00:00:00'),
(380, 0, '1', 0, '15262727', '2F', 'Test', 1, '2024-12-09', '8', '9', '16:00', 'cancelled', '17:00', 'cancelled', '2024-12-09 00:00:00'),
(381, 0, '2', 0, '1434119', 'GF', 'Digital Library', 1, '2024-12-09', '4', '5', '12:00', 'late-in', '13:00', 'late-exit', '2024-12-09 00:00:00'),
(382, 0, '1', 0, '15262727', 'GF', 'Digital Library', 2, '2024-12-09', '4', '5', '12:00', 'late-in', '13:00', 'late-exit', '2024-12-09 00:00:00'),
(383, 0, '114', 0, '13836567', 'GF', 'Digital Library', 3, '2024-12-09', '4', '7', '14:16:41', 'occupied', '14:16:55', 'early-exit', '2024-12-09 00:00:00'),
(384, 0, '2', 0, '1434119', '2F', 'Test', 2, '2024-12-09', '8', '9', '13:33:22', 'cancelled', '13:33:22', 'cancelled', '2024-12-09 00:00:00'),
(385, 0, '2', 0, '1434119', '2F', 'Test', 2, '2024-12-09', '7', '8', '14:06:09', 'cancelled', '14:06:09', 'cancelled', '2024-12-09 00:00:00'),
(386, 0, '114', 0, '13836567', '2F', 'Test', 1, '2024-12-09', '7', '8', NULL, NULL, NULL, NULL, '2024-12-09 00:00:00');

-- --------------------------------------------------------

--
-- Table structure for table `course`
--

CREATE TABLE `course` (
  `id_course` int(255) NOT NULL,
  `name_course` varchar(250) CHARACTER SET utf8 COLLATE utf8_unicode_ci NOT NULL
) ENGINE=InnoDB DEFAULT CHARSET=latin1 COLLATE=latin1_swedish_ci;

--
-- Dumping data for table `course`
--

INSERT INTO `course` (`id_course`, `name_course`) VALUES
(101, 'BS-Electric '),
(107, 'BS Business A'),
(101, 'BS-Electric '),
(107, 'BS Business A');

-- --------------------------------------------------------

--
-- Table structure for table `department`
--

CREATE TABLE `department` (
  `id` char(3) NOT NULL,
  `name` varchar(50) NOT NULL
) ENGINE=InnoDB DEFAULT CHARSET=latin1 COLLATE=latin1_swedish_ci;

--
-- Dumping data for table `department`
--

INSERT INTO `department` (`id`, `name`) VALUES
('ACD', 'Accounting Department'),
('ADM', 'Admin Department'),
('HRD', 'Human Resource Department'),
('PCD', 'Production Controller Department'),
('PLD', 'Planner Department'),
('QCD', 'Quality Control Department'),
('SCD', 'Security Department'),
('STD', 'Store Department');

-- --------------------------------------------------------

--
-- Table structure for table `employee`
--

CREATE TABLE `employee` (
  `id` int(3) UNSIGNED ZEROFILL NOT NULL,
  `name` varchar(50) NOT NULL,
  `email` varchar(128) NOT NULL,
  `gender` char(1) NOT NULL,
  `image` varchar(128) NOT NULL,
  `birth_date` date NOT NULL,
  `hire_date` date NOT NULL,
  `shift_id` int(1) NOT NULL
) ENGINE=InnoDB DEFAULT CHARSET=latin1 COLLATE=latin1_swedish_ci;

--
-- Dumping data for table `employee`
--

INSERT INTO `employee` (`id`, `name`, `email`, `gender`, `image`, `birth_date`, `hire_date`, `shift_id`) VALUES
(001, 'Sadie Kelso', 'devi@gmail.com', 'F', 'default.png', '1996-06-06', '2020-03-01', 2),
(002, 'Elsa', 'intan@gmail.com', 'F', 'default.png', '1998-02-01', '2020-03-01', 2),
(003, 'Robert Northern', 'herman@gmail.com', 'M', 'default.png', '1997-11-06', '2020-03-12', 2),
(004, 'Jesse J Walsh', 'andi@gmail.com', 'M', 'default.png', '1998-01-01', '2020-03-01', 3),
(005, 'Madeline Mitchell', 'clarita@gmail.com', 'F', 'default.png', '1996-04-06', '2020-04-08', 1),
(006, 'Emmy Watts', 'oktapan@gmail.com', 'F', 'default.png', '1999-11-04', '2020-04-01', 1),
(007, 'Domingo Yorke', 'mgb@gmail.com', 'M', 'default.png', '2000-10-29', '2020-03-01', 2),
(008, 'Stephen Fernando', 'weve@gmail.com', 'M', 'default.png', '2000-11-07', '2020-03-01', 1),
(009, 'Yvonne J Gunther', 'desi@gmail.com', 'F', 'default.png', '1994-07-05', '2020-04-01', 2),
(010, 'Blake Collins', 'ddry@gmail.com', 'M', 'default.png', '2000-12-01', '2020-04-06', 3),
(011, 'Marcus', 'udin@gmail.com', 'M', 'default.png', '1993-10-12', '2020-05-03', 1),
(024, 'Vernon Keely', '123@fmail.com', 'M', 'default.png', '2001-12-31', '2020-04-28', 1),
(025, 'Admin ', 'admin@admin.com', 'M', 'default.png', '0000-00-00', '0000-00-00', 0),
(026, 'Christine', 'christine@gmail.com', 'F', 'item-210516-ab8e9ef52f.jpg', '1995-04-01', '2021-05-16', 1),
(027, 'Johnny', 'johnny@mail.com', 'M', 'default.png', '1993-04-01', '2021-08-13', 6);

-- --------------------------------------------------------

--
-- Table structure for table `employee_department`
--

CREATE TABLE `employee_department` (
  `id` int(3) NOT NULL,
  `employee_id` int(3) UNSIGNED ZEROFILL NOT NULL,
  `department_id` char(3) NOT NULL
) ENGINE=InnoDB DEFAULT CHARSET=latin1 COLLATE=latin1_swedish_ci;

--
-- Dumping data for table `employee_department`
--

INSERT INTO `employee_department` (`id`, `employee_id`, `department_id`) VALUES
(1, 001, 'HRD'),
(2, 002, 'ACD'),
(3, 003, 'QCD'),
(4, 004, 'SCD'),
(5, 005, 'STD'),
(6, 006, 'ACD'),
(7, 007, 'PLD'),
(8, 008, 'STD'),
(9, 009, 'STD'),
(10, 010, 'PCD'),
(21, 011, 'ADM'),
(25, 024, 'HRD'),
(26, 026, 'STD'),
(27, 027, 'QCD');

-- --------------------------------------------------------

--
-- Table structure for table `faculty`
--

CREATE TABLE `faculty` (
  `id` int(10) NOT NULL,
  `first_name` varchar(50) DEFAULT NULL,
  `last_name` varchar(50) DEFAULT NULL,
  `middle_name` varchar(50) DEFAULT NULL,
  `srcode` varchar(20) DEFAULT NULL,
  `course` varchar(50) DEFAULT NULL,
  `rfid` varchar(50) DEFAULT NULL,
  `qrcode` varchar(50) DEFAULT NULL,
  `gender` varchar(1) DEFAULT NULL,
  `college` varchar(20) DEFAULT NULL,
  `campus` varchar(20) DEFAULT NULL,
  `pin` varchar(50) NOT NULL
) ENGINE=InnoDB DEFAULT CHARSET=utf8mb4 COLLATE=utf8mb4_general_ci;

--
-- Dumping data for table `faculty`
--

INSERT INTO `faculty` (`id`, `first_name`, `last_name`, `middle_name`, `srcode`, `course`, `rfid`, `qrcode`, `gender`, `college`, `campus`, `pin`) VALUES
(532, 'John', 'Doe', 'M', '1122', 'BS Computer Science', '123456', '14123112', 'M', NULL, NULL, ''),
(533, 'Jane', 'Smith', 'A', '789012', 'BS Computer Science', '654321', '41231241', 'F', NULL, NULL, '');

-- --------------------------------------------------------

--
-- Table structure for table `faculty2`
--

CREATE TABLE `faculty2` (
  `id` int(3) UNSIGNED ZEROFILL NOT NULL,
  `first_name` varchar(20) NOT NULL,
  `last_name` varchar(20) CHARACTER SET utf8mb4 COLLATE utf8mb4_unicode_ci DEFAULT NULL,
  `srcode` varchar(50) NOT NULL,
  `gender` char(1) NOT NULL,
  `image` varchar(128) NOT NULL,
  `qrcode` varchar(20) DEFAULT NULL,
  `rfid` varchar(20) DEFAULT NULL,
  `course` varchar(20) NOT NULL,
  `name` varchar(20) NOT NULL
) ENGINE=InnoDB DEFAULT CHARSET=latin1 COLLATE=latin1_swedish_ci;

--
-- Dumping data for table `faculty2`
--

INSERT INTO `faculty2` (`id`, `first_name`, `last_name`, `srcode`, `gender`, `image`, `qrcode`, `rfid`, `course`, `name`) VALUES
(001, 'Sadie Kelso', NULL, 'devi@gmail.com', 'F', 'default.png', '1996-06-06', '2020-03-01', '2', ''),
(002, 'Elsa', NULL, 'intan@gmail.com', 'F', 'default.png', '1998-02-01', '2020-03-01', '2', ''),
(003, 'Robert Northern', NULL, 'herman@gmail.com', 'M', 'default.png', '1997-11-06', '2020-03-12', '2', ''),
(004, 'Jesse J Walsh', NULL, 'andi@gmail.com', 'M', 'default.png', '1998-01-01', '2020-03-01', '3', ''),
(005, 'Madeline Mitchell', NULL, 'clarita@gmail.com', 'F', 'default.png', '1996-04-06', '2020-04-08', '1', ''),
(006, 'Emmy Watts', NULL, 'oktapan@gmail.com', 'F', 'default.png', '1999-11-04', '2020-04-01', '1', ''),
(007, 'Domingo Yorke', NULL, 'mgb@gmail.com', 'M', 'default.png', '2000-10-29', '2020-03-01', '2', ''),
(008, 'Stephen Fernando', NULL, 'weve@gmail.com', 'M', 'default.png', '2000-11-07', '2020-03-01', '1', ''),
(009, 'Yvonne J Gunther', NULL, 'desi@gmail.com', 'F', 'default.png', '1994-07-05', '2020-04-01', '2', ''),
(010, 'Blake Collins', NULL, 'ddry@gmail.com', 'M', 'default.png', '2000-12-01', '2020-04-06', '3', ''),
(011, 'Marcus', NULL, 'udin@gmail.com', 'M', 'default.png', '1993-10-12', '2020-05-03', '1', ''),
(024, 'Vernon Keely', NULL, '123@fmail.com', 'M', 'default.png', '2001-12-31', '2020-04-28', '1', ''),
(025, 'Admin ', NULL, 'admin@admin.com', 'M', 'default.png', '0000-00-00', '0000-00-00', '0', ''),
(026, 'Christine', NULL, 'christine@gmail.com', 'F', 'item-210516-ab8e9ef52f.jpg', '1995-04-01', '2021-05-16', '1', ''),
(027, 'Johnny', NULL, 'johnny@mail.com', 'M', 'default.png', '1993-04-01', '2021-08-13', '6', ''),
(001, 'Sadie Kelso', NULL, 'devi@gmail.com', 'F', 'default.png', '1996-06-06', '2020-03-01', '2', ''),
(002, 'Elsa', NULL, 'intan@gmail.com', 'F', 'default.png', '1998-02-01', '2020-03-01', '2', ''),
(003, 'Robert Northern', NULL, 'herman@gmail.com', 'M', 'default.png', '1997-11-06', '2020-03-12', '2', ''),
(004, 'Jesse J Walsh', NULL, 'andi@gmail.com', 'M', 'default.png', '1998-01-01', '2020-03-01', '3', ''),
(005, 'Madeline Mitchell', NULL, 'clarita@gmail.com', 'F', 'default.png', '1996-04-06', '2020-04-08', '1', ''),
(006, 'Emmy Watts', NULL, 'oktapan@gmail.com', 'F', 'default.png', '1999-11-04', '2020-04-01', '1', ''),
(007, 'Domingo Yorke', NULL, 'mgb@gmail.com', 'M', 'default.png', '2000-10-29', '2020-03-01', '2', ''),
(008, 'Stephen Fernando', NULL, 'weve@gmail.com', 'M', 'default.png', '2000-11-07', '2020-03-01', '1', ''),
(009, 'Yvonne J Gunther', NULL, 'desi@gmail.com', 'F', 'default.png', '1994-07-05', '2020-04-01', '2', ''),
(010, 'Blake Collins', NULL, 'ddry@gmail.com', 'M', 'default.png', '2000-12-01', '2020-04-06', '3', ''),
(011, 'Marcus', NULL, 'udin@gmail.com', 'M', 'default.png', '1993-10-12', '2020-05-03', '1', ''),
(024, 'Vernon Keely', NULL, '123@fmail.com', 'M', 'default.png', '2001-12-31', '2020-04-28', '1', ''),
(025, 'Admin ', NULL, 'admin@admin.com', 'M', 'default.png', '0000-00-00', '0000-00-00', '0', ''),
(026, 'Christine', NULL, 'christine@gmail.com', 'F', 'item-210516-ab8e9ef52f.jpg', '1995-04-01', '2021-05-16', '1', ''),
(027, 'Johnny', NULL, 'johnny@mail.com', 'M', 'default.png', '1993-04-01', '2021-08-13', '6', '');

-- --------------------------------------------------------

--
-- Table structure for table `faculty3`
--

CREATE TABLE `faculty3` (
  `id` int(11) NOT NULL,
  `first_name` varchar(20) DEFAULT NULL,
  `last_name` varchar(20) DEFAULT NULL,
  `srcode` varchar(20) NOT NULL,
  `gender` text DEFAULT NULL,
  `qrcode` varchar(20) DEFAULT NULL,
  `rfid` varchar(20) DEFAULT NULL,
  `course` varchar(20) DEFAULT NULL
) ENGINE=InnoDB DEFAULT CHARSET=utf8mb4 COLLATE=utf8mb4_general_ci;

--
-- Dumping data for table `faculty3`
--

INSERT INTO `faculty3` (`id`, `first_name`, `last_name`, `srcode`, `gender`, `qrcode`, `rfid`, `course`) VALUES
(2, 'Leo', 'Ingram', '918-46058', 'F', '14349864', '35883140', 'Accounting'),
(3, 'Rafferty', 'Jimenez', '923-53821', 'M', '53814827', '46055636', 'Phychology'),
(4, 'Arnold', 'Cochran', '694-49790', 'F', '61666868', '87773533', 'Medical'),
(5, 'Kelvin', 'Fitzpatrick', '891-38738', 'M', '18735950', '37067617', 'BS-Electric'),
(6, 'Samson', 'Gibbons', '592-65366', 'F', '31348726', '23248138', 'Accounting'),
(7, 'Tom', 'Robbins', '428-35901', 'M', '85610614', '42456807', 'Phychology'),
(8, 'Gary', 'Knapp', '791-96578', 'F', '61509340', '96280812', 'Medical'),
(9, 'Lukas', 'Guerrero', '276-78656', 'M', '99031716', '48489972', 'BS-Electric'),
(11, 'Kieran', 'Cox', '860-13762', 'M', '14694611', '23841951', 'Phychology'),
(12, 'Courtney', 'Morse', '833-89931', 'F', '93891678', '33001539', 'Medical'),
(13, 'Ali', 'Dixon', '671-52218', 'M', '27672207', '18790656', 'BS-Electric'),
(14, 'Andre', 'Weiss', '788-55477', 'F', '65721594', '79339544', 'Accounting'),
(15, 'Ilyas', 'Sparks', '707-50099', 'M', '47767799', '50787936', 'Phychology'),
(16, 'Allan', 'Andersen', '757-70977', 'F', '63459708', '28571318', 'Medical'),
(17, 'Allen', 'Lopez', '942-97827', 'M', '98161702', '31749062', 'BS-Electric'),
(18, 'Awais', 'Cook', '615-80058', 'F', '54203452', '59126675', 'Accounting'),
(19, 'Guy', 'Rasmussen', '750-40315', 'M', '40149196', '49174497', 'Phychology'),
(20, 'Kaine', 'Gray', '996-41753', 'F', '22550016', '76978225', 'Medical'),
(21, 'William', 'Gould', '777-57474', 'M', '33449782', '94678923', 'Medical'),
(22, 'Yuvraj', 'Benton', '918-66464', 'F', '32504289', '23911932', 'BS-Electric'),
(23, 'Terry', 'Garrison', '968-31628', 'M', '19180692', '98922019', 'Accounting'),
(24, 'Vivian', 'Hess', '182-53828', 'F', '39414126', '16166394', 'Phychology'),
(25, 'Iestyn', 'Hudson', '136-53443', 'M', '12742967', '56361962', 'Medical'),
(26, 'Rhodri', 'Moss', '533-53390', 'F', '73497539', '75288942', 'BS-Electric'),
(27, 'Kaylum', 'Irwin', '514-72026', 'M', '11458199', '20016074', 'Accounting'),
(28, 'Jonas', 'Frazier', '978-52016', 'F', '23643120', '37774554', 'Phychology'),
(29, 'Damian', 'Hines', '458-25008', 'M', '47492570', '89624980', 'Medical'),
(30, 'Omar', 'Keller', '322-42769', 'F', '36488640', '39662249', 'BS-Electric'),
(31, 'Renee', 'O\'Quinn', '970-25673', 'M', '19366767', '93669321', 'Accounting'),
(32, 'Keeley', 'Contreras', '815-59958', 'F', '96596959', '87983699', 'Phychology'),
(33, 'Jim', 'Tran', '758-52716', 'M', '94912375', '49755781', 'Medical'),
(34, 'Lea', 'Grimes', '443-37924', 'F', '46167171', '91042331', 'BS-Electric'),
(35, 'Dhruv', 'O\'Reilly', '228-23162', 'M', '87914798', '80426505', 'Accounting'),
(36, 'Calvin', 'Cain', '731-24901', 'F', '48988467', '41731276', 'Phychology'),
(37, 'Ayub', 'Allison', '774-15429', 'M', '48678497', '24689612', 'Medical'),
(38, 'Jed', 'Oliver', '696-93030', 'F', '92140932', '82289696', 'BS-Electric'),
(39, 'Siobhan', 'Nguyen', '162-30806', 'M', '52442656', '15035885', 'Accounting'),
(40, 'Deacon', 'Brady', '854-16183', 'F', '88680157', '59394980', 'Phychology'),
(41, 'Jaime', 'Russo', '610-21892', 'M', '56825199', '86696652', 'Medical'),
(42, 'Anika', 'Gardner', '617-55069', 'F', '45650182', '96669903', 'BS-Electric'),
(43, 'Junaid', 'Parrish', '844-73074', 'M', '21423473', '79990412', 'Accounting'),
(44, 'Cole', 'Barton', '178-95647', 'F', '49222744', '78457447', 'Phychology'),
(45, 'Ray', 'Elliott', '226-74274', 'M', '16274208', '28162437', 'Medical'),
(46, 'Sameer', 'Ali', '668-10204', 'F', '54562174', '97020890', 'BS-Electric'),
(47, 'Russell', 'Fry', '985-36229', 'M', '76279090', '55784679', 'Accounting'),
(48, 'Aamir', 'Dorsey', '229-88493', 'F', '33697438', '32633837', 'Phychology'),
(49, 'Leroy', 'Freeman', '387-75856', 'M', '51921411', '85976855', 'Medical'),
(50, 'Douglas', 'Mathews', '452-78778', 'F', '23810608', '96835828', 'BS-Electric'),
(51, 'Danielle', 'Hawkins', '250-69245', 'M', '61901600', '76138650', 'Accounting'),
(52, 'Tiffany', 'Reid', '845-69918', 'F', '59019793', '27477514', 'Phychology'),
(53, 'Trinity', 'Thomson', '189-48862', 'M', '55753676', '70033772', 'Medical'),
(54, 'Daniella', 'Gross', '663-57089', 'F', '36071568', '56129298', 'BS-Electric'),
(55, 'Anne', 'Hurst', '388-20142', 'M', '47401080', '80706786', 'Accounting'),
(56, 'Ella', 'Nixon', '406-36306', 'F', '73021072', '74574705', 'Phychology'),
(57, 'Zuzanna', 'Ruiz', '998-51259', 'M', '68079808', '51392115', 'Medical'),
(58, 'Alyssa', 'Roth', '935-79459', 'F', '46656965', '75081437', 'BS-Electric'),
(59, 'Emelia', 'Mendez', '876-82053', 'M', '46492662', '36121255', 'Accounting'),
(60, 'Savanna', 'Beltran', '377-49711', 'F', '70343834', '26097269', 'Phychology'),
(61, 'Erica', 'Keller', '640-43301', 'M', '28633539', '44760564', 'Medical'),
(62, 'Anaya', 'Hansen', '825-91169', 'F', '47358438', '30144225', 'BS-Electric'),
(63, 'Aminah', 'Benson', '760-23510', 'M', '20891142', '38610525', 'Accounting'),
(64, 'Philippa', 'Vaughan', '196-50871', 'F', '43471614', '77703354', 'Phychology'),
(65, 'Eshal', 'Lyons', '985-55564', 'M', '80042751', '88141884', 'Medical'),
(66, 'Annika', 'Montes', '974-91375', 'F', '66289166', '50545999', 'BS-Electric'),
(67, 'Rosie', 'Osborn', '297-31731', 'M', '38098957', '67889662', 'Accounting'),
(68, 'Aishah', 'Holt', '883-79150', 'F', '92058279', '80558979', 'Phychology'),
(69, 'Lulu', 'Preston', '217-90281', 'M', '99957949', '29709198', 'Medical'),
(70, 'Sam', 'Blaese', '197-65242', 'F', '54647949', '77944721', 'BS-Electric'),
(71, 'Brenda', 'Jordan', '572-75985', 'M', '37053400', '12536267', 'Accounting'),
(72, 'Leonie', 'Gutierrez', '125-67394', 'F', '17130875', '22599238', 'Phychology'),
(73, 'Inaaya', 'Mueller', '525-36878', 'M', '90994356', '78285379', 'Medical'),
(74, 'Lexi', 'Bennett', '863-66239', 'F', '26769387', '68357556', 'BS-Electric'),
(75, 'Jennifer', 'Sims', '390-20557', 'M', '51241537', '11646068', 'Accounting'),
(76, 'Carrie', 'Rollins', '134-85962', 'F', '96710438', '95056036', 'Phychology'),
(77, 'Elouise', 'Knapp', '436-70802', 'M', '39565801', '29158009', 'Medical'),
(78, 'Monica', 'Small', '198-12777', 'F', '46825954', '33433652', 'BS-Electric'),
(79, 'Tina', 'Gamble', '851-43229', 'M', '89096351', '56204755', 'Accounting'),
(80, 'Ela', 'Wallace', '203-52950', 'F', '35928466', '72750004', 'Phychology'),
(81, 'Alisa', 'Wong', '725-91969', 'M', '25674934', '91386258', 'Medical'),
(82, 'Diana', 'Diaz', '275-18190', 'F', '44112197', '77639092', 'BS-Electric'),
(83, 'Sanaa', 'Phelps', '653-55762', 'M', '25755254', '36317694', 'Accounting'),
(84, 'Candice', 'Petersen', '511-66966', 'F', '27812467', '75677385', 'Phychology'),
(85, 'Melisa', 'Kelly', '670-35444', 'M', '85773097', '66242287', 'Medical'),
(86, 'Elena', 'Scott', '334-79437', 'F', '88968239', '98987317', 'BS-Electric'),
(87, 'Cerys', 'Sosa', '863-27412', 'M', '38592130', '77206794', 'Accounting'),
(88, 'Elliot', 'Mullen', '488-14755', 'F', '80572189', '45018445', 'Phychology'),
(89, 'Athena', 'Hudson', '642-12339', 'M', '89914508', '18978670', 'Medical'),
(90, 'Brogan', 'Carter', '888-87846', 'F', '63089258', '33575394', 'BS-Electric'),
(91, 'Alanna', 'Mccann', '886-31173', 'M', '61326700', '37713815', 'Accounting'),
(92, 'Mattie', 'Hicks', '662-38396', 'F', '63438812', '18852105', 'Phychology'),
(93, 'Veronica', 'Holden', '364-23336', 'M', '82603301', '67724600', 'Medical'),
(94, 'Kaiden', 'Lindsey', '426-14713', 'F', '91219505', '28375864', 'BS-Electric'),
(95, 'Lilia', 'Calhoun', '664-85130', 'M', '87970065', '49942050', 'Accounting'),
(96, 'Selina', 'Chen', '557-25871', 'F', '75892643', '71582257', 'Phychology'),
(97, 'Andrea', 'Terry', '102-10734', 'M', '73968193', '93987550', 'Medical'),
(98, 'Nate', 'Odling', '597-85642', 'F', '36043928', '42485881', 'BS-Electric'),
(99, 'Maisie', 'Cochran', '893-48097', 'M', '48382839', '67623312', 'Accounting'),
(100, 'Christine', 'Burgess', '731-14375', 'F', '94460517', '96364396', 'Phychology'),
(2, 'Leo', 'Ingram', '918-46058', 'F', '14349864', '35883140', 'Accounting'),
(3, 'Rafferty', 'Jimenez', '923-53821', 'M', '53814827', '46055636', 'Phychology'),
(4, 'Arnold', 'Cochran', '694-49790', 'F', '61666868', '87773533', 'Medical'),
(5, 'Kelvin', 'Fitzpatrick', '891-38738', 'M', '18735950', '37067617', 'BS-Electric'),
(6, 'Samson', 'Gibbons', '592-65366', 'F', '31348726', '23248138', 'Accounting'),
(7, 'Tom', 'Robbins', '428-35901', 'M', '85610614', '42456807', 'Phychology'),
(8, 'Gary', 'Knapp', '791-96578', 'F', '61509340', '96280812', 'Medical'),
(9, 'Lukas', 'Guerrero', '276-78656', 'M', '99031716', '48489972', 'BS-Electric'),
(11, 'Kieran', 'Cox', '860-13762', 'M', '14694611', '23841951', 'Phychology'),
(12, 'Courtney', 'Morse', '833-89931', 'F', '93891678', '33001539', 'Medical'),
(13, 'Ali', 'Dixon', '671-52218', 'M', '27672207', '18790656', 'BS-Electric'),
(14, 'Andre', 'Weiss', '788-55477', 'F', '65721594', '79339544', 'Accounting'),
(15, 'Ilyas', 'Sparks', '707-50099', 'M', '47767799', '50787936', 'Phychology'),
(16, 'Allan', 'Andersen', '757-70977', 'F', '63459708', '28571318', 'Medical'),
(17, 'Allen', 'Lopez', '942-97827', 'M', '98161702', '31749062', 'BS-Electric'),
(18, 'Awais', 'Cook', '615-80058', 'F', '54203452', '59126675', 'Accounting'),
(19, 'Guy', 'Rasmussen', '750-40315', 'M', '40149196', '49174497', 'Phychology'),
(20, 'Kaine', 'Gray', '996-41753', 'F', '22550016', '76978225', 'Medical'),
(21, 'William', 'Gould', '777-57474', 'M', '33449782', '94678923', 'Medical'),
(22, 'Yuvraj', 'Benton', '918-66464', 'F', '32504289', '23911932', 'BS-Electric'),
(23, 'Terry', 'Garrison', '968-31628', 'M', '19180692', '98922019', 'Accounting'),
(24, 'Vivian', 'Hess', '182-53828', 'F', '39414126', '16166394', 'Phychology'),
(25, 'Iestyn', 'Hudson', '136-53443', 'M', '12742967', '56361962', 'Medical'),
(26, 'Rhodri', 'Moss', '533-53390', 'F', '73497539', '75288942', 'BS-Electric'),
(27, 'Kaylum', 'Irwin', '514-72026', 'M', '11458199', '20016074', 'Accounting'),
(28, 'Jonas', 'Frazier', '978-52016', 'F', '23643120', '37774554', 'Phychology'),
(29, 'Damian', 'Hines', '458-25008', 'M', '47492570', '89624980', 'Medical'),
(30, 'Omar', 'Keller', '322-42769', 'F', '36488640', '39662249', 'BS-Electric'),
(31, 'Renee', 'O\'Quinn', '970-25673', 'M', '19366767', '93669321', 'Accounting'),
(32, 'Keeley', 'Contreras', '815-59958', 'F', '96596959', '87983699', 'Phychology'),
(33, 'Jim', 'Tran', '758-52716', 'M', '94912375', '49755781', 'Medical'),
(34, 'Lea', 'Grimes', '443-37924', 'F', '46167171', '91042331', 'BS-Electric'),
(35, 'Dhruv', 'O\'Reilly', '228-23162', 'M', '87914798', '80426505', 'Accounting'),
(36, 'Calvin', 'Cain', '731-24901', 'F', '48988467', '41731276', 'Phychology'),
(37, 'Ayub', 'Allison', '774-15429', 'M', '48678497', '24689612', 'Medical'),
(38, 'Jed', 'Oliver', '696-93030', 'F', '92140932', '82289696', 'BS-Electric'),
(39, 'Siobhan', 'Nguyen', '162-30806', 'M', '52442656', '15035885', 'Accounting'),
(40, 'Deacon', 'Brady', '854-16183', 'F', '88680157', '59394980', 'Phychology'),
(41, 'Jaime', 'Russo', '610-21892', 'M', '56825199', '86696652', 'Medical'),
(42, 'Anika', 'Gardner', '617-55069', 'F', '45650182', '96669903', 'BS-Electric'),
(43, 'Junaid', 'Parrish', '844-73074', 'M', '21423473', '79990412', 'Accounting'),
(44, 'Cole', 'Barton', '178-95647', 'F', '49222744', '78457447', 'Phychology'),
(45, 'Ray', 'Elliott', '226-74274', 'M', '16274208', '28162437', 'Medical'),
(46, 'Sameer', 'Ali', '668-10204', 'F', '54562174', '97020890', 'BS-Electric'),
(47, 'Russell', 'Fry', '985-36229', 'M', '76279090', '55784679', 'Accounting'),
(48, 'Aamir', 'Dorsey', '229-88493', 'F', '33697438', '32633837', 'Phychology'),
(49, 'Leroy', 'Freeman', '387-75856', 'M', '51921411', '85976855', 'Medical'),
(50, 'Douglas', 'Mathews', '452-78778', 'F', '23810608', '96835828', 'BS-Electric'),
(51, 'Danielle', 'Hawkins', '250-69245', 'M', '61901600', '76138650', 'Accounting'),
(52, 'Tiffany', 'Reid', '845-69918', 'F', '59019793', '27477514', 'Phychology'),
(53, 'Trinity', 'Thomson', '189-48862', 'M', '55753676', '70033772', 'Medical'),
(54, 'Daniella', 'Gross', '663-57089', 'F', '36071568', '56129298', 'BS-Electric'),
(55, 'Anne', 'Hurst', '388-20142', 'M', '47401080', '80706786', 'Accounting'),
(56, 'Ella', 'Nixon', '406-36306', 'F', '73021072', '74574705', 'Phychology'),
(57, 'Zuzanna', 'Ruiz', '998-51259', 'M', '68079808', '51392115', 'Medical'),
(58, 'Alyssa', 'Roth', '935-79459', 'F', '46656965', '75081437', 'BS-Electric'),
(59, 'Emelia', 'Mendez', '876-82053', 'M', '46492662', '36121255', 'Accounting'),
(60, 'Savanna', 'Beltran', '377-49711', 'F', '70343834', '26097269', 'Phychology'),
(61, 'Erica', 'Keller', '640-43301', 'M', '28633539', '44760564', 'Medical'),
(62, 'Anaya', 'Hansen', '825-91169', 'F', '47358438', '30144225', 'BS-Electric'),
(63, 'Aminah', 'Benson', '760-23510', 'M', '20891142', '38610525', 'Accounting'),
(64, 'Philippa', 'Vaughan', '196-50871', 'F', '43471614', '77703354', 'Phychology'),
(65, 'Eshal', 'Lyons', '985-55564', 'M', '80042751', '88141884', 'Medical'),
(66, 'Annika', 'Montes', '974-91375', 'F', '66289166', '50545999', 'BS-Electric'),
(67, 'Rosie', 'Osborn', '297-31731', 'M', '38098957', '67889662', 'Accounting'),
(68, 'Aishah', 'Holt', '883-79150', 'F', '92058279', '80558979', 'Phychology'),
(69, 'Lulu', 'Preston', '217-90281', 'M', '99957949', '29709198', 'Medical'),
(70, 'Sam', 'Blaese', '197-65242', 'F', '54647949', '77944721', 'BS-Electric'),
(71, 'Brenda', 'Jordan', '572-75985', 'M', '37053400', '12536267', 'Accounting'),
(72, 'Leonie', 'Gutierrez', '125-67394', 'F', '17130875', '22599238', 'Phychology'),
(73, 'Inaaya', 'Mueller', '525-36878', 'M', '90994356', '78285379', 'Medical'),
(74, 'Lexi', 'Bennett', '863-66239', 'F', '26769387', '68357556', 'BS-Electric'),
(75, 'Jennifer', 'Sims', '390-20557', 'M', '51241537', '11646068', 'Accounting'),
(76, 'Carrie', 'Rollins', '134-85962', 'F', '96710438', '95056036', 'Phychology'),
(77, 'Elouise', 'Knapp', '436-70802', 'M', '39565801', '29158009', 'Medical'),
(78, 'Monica', 'Small', '198-12777', 'F', '46825954', '33433652', 'BS-Electric'),
(79, 'Tina', 'Gamble', '851-43229', 'M', '89096351', '56204755', 'Accounting'),
(80, 'Ela', 'Wallace', '203-52950', 'F', '35928466', '72750004', 'Phychology'),
(81, 'Alisa', 'Wong', '725-91969', 'M', '25674934', '91386258', 'Medical'),
(82, 'Diana', 'Diaz', '275-18190', 'F', '44112197', '77639092', 'BS-Electric'),
(83, 'Sanaa', 'Phelps', '653-55762', 'M', '25755254', '36317694', 'Accounting'),
(84, 'Candice', 'Petersen', '511-66966', 'F', '27812467', '75677385', 'Phychology'),
(85, 'Melisa', 'Kelly', '670-35444', 'M', '85773097', '66242287', 'Medical'),
(86, 'Elena', 'Scott', '334-79437', 'F', '88968239', '98987317', 'BS-Electric'),
(87, 'Cerys', 'Sosa', '863-27412', 'M', '38592130', '77206794', 'Accounting'),
(88, 'Elliot', 'Mullen', '488-14755', 'F', '80572189', '45018445', 'Phychology'),
(89, 'Athena', 'Hudson', '642-12339', 'M', '89914508', '18978670', 'Medical'),
(90, 'Brogan', 'Carter', '888-87846', 'F', '63089258', '33575394', 'BS-Electric'),
(91, 'Alanna', 'Mccann', '886-31173', 'M', '61326700', '37713815', 'Accounting'),
(92, 'Mattie', 'Hicks', '662-38396', 'F', '63438812', '18852105', 'Phychology'),
(93, 'Veronica', 'Holden', '364-23336', 'M', '82603301', '67724600', 'Medical'),
(94, 'Kaiden', 'Lindsey', '426-14713', 'F', '91219505', '28375864', 'BS-Electric'),
(95, 'Lilia', 'Calhoun', '664-85130', 'M', '87970065', '49942050', 'Accounting'),
(96, 'Selina', 'Chen', '557-25871', 'F', '75892643', '71582257', 'Phychology'),
(97, 'Andrea', 'Terry', '102-10734', 'M', '73968193', '93987550', 'Medical'),
(98, 'Nate', 'Odling', '597-85642', 'F', '36043928', '42485881', 'BS-Electric'),
(99, 'Maisie', 'Cochran', '893-48097', 'M', '48382839', '67623312', 'Accounting'),
(100, 'Christine', 'Burgess', '731-14375', 'F', '94460517', '96364396', 'Phychology');

-- --------------------------------------------------------

--
-- Table structure for table `location`
--

CREATE TABLE `location` (
  `id` int(1) NOT NULL,
  `name` varchar(50) NOT NULL
) ENGINE=InnoDB DEFAULT CHARSET=latin1 COLLATE=latin1_swedish_ci;

--
-- Dumping data for table `location`
--

INSERT INTO `location` (`id`, `name`) VALUES
(1, 'GF'),
(2, '2F');

-- --------------------------------------------------------

--
-- Table structure for table `notifications`
--

CREATE TABLE `notifications` (
  `id` int(11) NOT NULL,
  `message` varchar(255) NOT NULL,
  `type` varchar(100) NOT NULL,
  `status` varchar(50) NOT NULL,
  `created_at` varchar(50) NOT NULL,
  `url` varchar(50) NOT NULL
) ENGINE=InnoDB DEFAULT CHARSET=utf8mb4 COLLATE=utf8mb4_general_ci;

--
-- Dumping data for table `notifications`
--

INSERT INTO `notifications` (`id`, `message`, `type`, `status`, `created_at`, `url`) VALUES
(362, 'Student Lorenzo Delos Santos Jr has checked out at kisok Kiosk 1', 'stud_timeout', 'unread', '2024-12-03 10:41:10', 'attendance'),
(363, 'Student Angelo Pelayo has checked out at kisok Kiosk 1', 'stud_timeout', 'unread', '2024-12-03 10:42:17', 'attendance'),
(364, 'Student Angelo Pelayo has checked in at kisok Kiosk 1', 'stud_timein', 'unread', '2024-12-03 10:43:59', 'attendance'),
(365, 'Student Lorenzo Delos Santos Jr has checked in at kisok Kiosk 1', 'stud_timein', 'unread', '2024-12-03 10:47:47', 'attendance'),
(366, 'Student Lorenzo Delos Santos Jr has checked out at kisok Kiosk 1', 'stud_timeout', 'unread', '2024-12-03 10:47:49', 'attendance'),
(367, 'Student Lorenzo Delos Santos Jr has checked in at kisok Kiosk 1', 'stud_timein', 'unread', '2024-12-03 10:55:53', 'attendance'),
(368, 'Student Lorenzo Delos Santos Jr has checked in at kisok Kiosk 1', 'stud_timein', 'unread', '2024-12-03 10:57:02', 'attendance'),
(369, 'Student Lorenzo Delos Santos Jr has checked in at kisok Kiosk 1', 'stud_timein', 'unread', '2024-12-03 10:58:56', 'attendance'),
(370, 'Student Angelo Pelayo has checked out at kisok Kiosk 1', 'stud_timeout', 'unread', '2024-12-03 11:05:41', 'attendance'),
(371, 'Student Lorenzo Delos Santos Jr has checked out at kisok Kiosk 1', 'stud_timeout', 'unread', '2024-12-03 11:16:22', 'attendance'),
(372, 'Student Lorenzo Delos Santos Jr has checked in at kisok Kiosk 1', 'stud_timein', 'unread', '2024-12-03 11:16:26', 'attendance'),
(373, 'Student Lorenzo Delos Santos Jr has checked out at kisok Kiosk 1', 'stud_timeout', 'unread', '2024-12-03 11:25:25', 'attendance'),
(374, 'Student Lorenzo Delos Santos Jr has checked in at kisok Kiosk 1', 'stud_timein', 'unread', '2024-12-03 11:26:44', 'attendance'),
(375, 'Student Lorenzo Delos Santos Jr has checked out at kisok Kiosk 1', 'stud_timeout', 'unread', '2024-12-03 11:26:51', 'attendance'),
(376, 'Student Lorenzo Delos Santos Jr has checked in at kisok Kiosk 1', 'stud_timein', 'unread', '2024-12-03 11:26:55', 'attendance'),
(377, 'Student Lorenzo Delos Santos Jr has checked out at kisok Kiosk 1', 'stud_timeout', 'unread', '2024-12-03 11:27:18', 'attendance'),
(378, 'Student 2020-06019-MN-0 was added to the database.', 'add student', 'unread', '2024-12-03 13:44:11', 'master/student'),
(379, 'Student Lorenzo Delos Santos Jr has checked in at kisok Kiosk 1', 'stud_timein', 'unread', '2024-12-03 13:45:06', 'attendance'),
(380, 'Student Lorenzo Delos Santos Jr has checked out at kisok Kiosk 1', 'stud_timeout', 'unread', '2024-12-03 13:45:09', 'attendance'),
(381, 'Student Ansel Christian Santos has checked out at kisok Kiosk 1', 'stud_timeout', 'unread', '2024-12-03 14:04:35', 'attendance'),
(382, 'Student Ansel Christian Santos has checked in at kisok Kiosk 1', 'stud_timein', 'unread', '2024-12-03 14:04:38', 'attendance'),
(383, 'Student 2020-06018-MN-0 was added to the database.', 'add student', 'unread', '2024-12-03 14:18:07', 'master/student'),
(384, 'Student Mikhan Balbastro has checked out at kisok Kiosk 1', 'stud_timeout', 'unread', '2024-12-03 14:18:52', 'attendance'),
(385, 'Student Jason Vinas has checked out at kisok Kiosk 1', 'stud_timeout', 'unread', '2024-12-03 14:19:09', 'attendance'),
(386, 'Student Jason Vinas has checked in at kisok Kiosk 1', 'stud_timein', 'unread', '2024-12-03 14:19:16', 'attendance'),
(387, 'Student Jason Vinas has checked out at kisok Kiosk 1', 'stud_timeout', 'unread', '2024-12-03 14:19:18', 'attendance'),
(388, 'Student 2020-06017-MN-0 was added to the database.', 'add student', 'unread', '2024-12-03 14:21:50', 'master/student'),
(389, 'Student Jake Jake has checked out at kisok Kiosk 1', 'stud_timeout', 'unread', '2024-12-03 14:24:28', 'attendance'),
(390, 'Student Lorenzo Delos Santos Jr has checked in at kisok Kiosk 1', 'stud_timein', 'unread', '2024-12-03 14:25:50', 'attendance'),
(391, 'Student 2020-06199-MN-0 was added to the database.', 'add student', 'unread', '2024-12-03 14:27:18', 'master/student'),
(392, 'Student Elevator Decahomes has checked out at kisok Kiosk 1', 'stud_timeout', 'unread', '2024-12-03 14:30:26', 'attendance'),
(393, 'Student Trisha Mae Panganiban has checked in at kisok Kiosk 1', 'stud_timein', 'unread', '2024-12-03 14:32:38', 'attendance'),
(394, 'Student Trisha Mae Panganiban has checked out at kisok Kiosk 1', 'stud_timeout', 'unread', '2024-12-03 14:32:43', 'attendance'),
(395, 'Student Jason Vinas has checked in at kisok Kiosk 1', 'stud_timein', 'unread', '2024-12-03 15:01:31', 'attendance'),
(396, 'Student Jason Vinas has checked out at kisok Kiosk 1', 'stud_timeout', 'unread', '2024-12-03 15:01:33', 'attendance'),
(397, 'Student Trisha Mae Panganiban has checked in at kisok Kiosk 1', 'stud_timein', 'unread', '2024-12-03 15:02:53', 'attendance'),
(398, 'Student Trisha Mae Panganiban has checked out at kisok Kiosk 1', 'stud_timeout', 'unread', '2024-12-03 15:02:57', 'attendance'),
(399, 'Student Trisha Mae Panganiban has checked in at kisok Kiosk 1', 'stud_timein', 'unread', '2024-12-03 15:04:58', 'attendance'),
(400, 'Student Jason Vinas has checked in at kisok Kiosk 1', 'stud_timein', 'unread', '2024-12-03 15:05:09', 'attendance'),
(401, 'Student Trisha Mae Panganiban has checked out at kisok Kiosk 1', 'stud_timeout', 'unread', '2024-12-03 15:05:12', 'attendance'),
(402, 'Student Jason Vinas has checked out at kisok Kiosk 1', 'stud_timeout', 'unread', '2024-12-03 15:05:15', 'attendance'),
(403, 'Student Trisha Mae Panganiban has checked in at kisok Kiosk 1', 'stud_timein', 'unread', '2024-12-03 16:01:34', 'attendance'),
(404, 'Student Trisha Mae Panganiban has checked out at kisok Kiosk 1', 'stud_timeout', 'unread', '2024-12-03 16:01:36', 'attendance'),
(405, 'Student Mikhan Balbastro has checked in at kisok Kiosk 1', 'stud_timein', 'unread', '2024-12-03 16:03:17', 'attendance'),
(406, 'Student Mikhan Balbastro has checked out at kisok Kiosk 1', 'stud_timeout', 'unread', '2024-12-03 16:03:19', 'attendance'),
(407, 'Student Jake Jake has checked in at kisok Kiosk 1', 'stud_timein', 'unread', '2024-12-03 16:06:10', 'attendance'),
(408, 'Student Jake Jake has checked out at kisok Kiosk 1', 'stud_timeout', 'unread', '2024-12-03 16:06:14', 'attendance'),
(409, 'Student Lorenzo Delos Santos Jr has checked out at kisok Kiosk 1', 'stud_timeout', 'unread', '2024-12-03 16:07:20', 'attendance'),
(410, 'Student Lorenzo Delos Santos Jr has checked in at kisok Kiosk 1', 'stud_timein', 'unread', '2024-12-03 16:07:25', 'attendance'),
(411, 'Student Lorenzo Delos Santos Jr has checked out at kisok Kiosk 1', 'stud_timeout', 'unread', '2024-12-03 16:07:28', 'attendance'),
(412, 'Student Lorenzo Delos Santos Jr has checked in at kisok Kiosk 1', 'stud_timein', 'unread', '2024-12-03 16:11:51', 'attendance'),
(413, 'Student Lorenzo Delos Santos Jr has checked out at kisok Kiosk 1', 'stud_timeout', 'unread', '2024-12-03 16:11:54', 'attendance'),
(414, 'Student Lorenzo Delos Santos Jr has checked in at kisok Kiosk 1', 'stud_timein', 'unread', '2024-12-03 16:54:31', 'attendance'),
(415, 'Student Lorenzo Delos Santos Jr has checked out at kisok Kiosk 1', 'stud_timeout', 'unread', '2024-12-03 16:54:35', 'attendance'),
(416, 'Student Jason Vinas has checked in at kisok Kiosk 1', 'stud_timein', 'unread', '2024-12-03 17:01:14', 'attendance'),
(417, 'Student Jason Vinas has checked out at kisok Kiosk 1', 'stud_timeout', 'unread', '2024-12-03 17:01:17', 'attendance'),
(418, 'Area Audio Visual Room on floor 2F was added to the database.', 'add area', 'unread', '2024-12-04 08:39:05', 'master/area'),
(419, 'Student Trisha Mae Panganiban has checked out at kisok Kiosk 1', 'stud_timeout', 'unread', '2024-12-04 08:45:57', 'attendance'),
(420, 'Student 132465789 was added to the database.', 'add student', 'unread', '2024-12-04 09:30:58', 'master/student'),
(421, 'Student Rhylie Cedeno has checked out at kisok Kiosk 1', 'stud_timeout', 'unread', '2024-12-04 10:43:17', 'attendance'),
(422, 'Student Trisha Mae Panganiban has checked in at kisok Kiosk 1', 'stud_timein', 'unread', '2024-12-04 11:20:36', 'attendance'),
(423, 'Student Trisha Mae Panganiban has checked out at kisok Kiosk 1', 'stud_timeout', 'unread', '2024-12-04 11:20:38', 'attendance'),
(424, 'Student Lorenzo Delos Santos Jr has checked out at kisok Kiosk 1', 'stud_timeout', 'unread', '2024-12-04 15:07:51', 'attendance'),
(425, 'Student Lorenzo Delos Santos Jr has checked in at kisok Kiosk 1', 'stud_timein', 'unread', '2024-12-04 15:43:41', 'attendance'),
(426, 'Student Rhylie Cedeno has checked out at kisok Kiosk 1', 'stud_timeout', 'unread', '2024-12-05 13:15:08', 'attendance'),
(427, 'Student Rhylie Cedeno has checked in at kisok Kiosk 1', 'stud_timein', 'unread', '2024-12-05 13:46:01', 'attendance'),
(428, 'Student Rhylie Cedeno has checked out at kisok Kiosk 1', 'stud_timeout', 'unread', '2024-12-05 13:46:04', 'attendance'),
(429, 'Student Rhylie Cedeno has checked in at kisok Kiosk 1', 'stud_timein', 'unread', '2024-12-05 13:46:08', 'attendance'),
(430, 'Student Rhylie Cedeno has checked out at kisok Kiosk 1', 'stud_timeout', 'unread', '2024-12-05 15:33:59', 'attendance'),
(431, 'Student Rhylie Cedeno has checked in at kisok Kiosk 1', 'stud_timein', 'unread', '2024-12-05 15:45:17', 'attendance'),
(432, 'Student Ansel Christian Santos has checked out at kisok Kiosk 1', 'stud_timeout', 'unread', '2024-12-05 16:23:09', 'attendance'),
(433, 'Student Rhylie Cedeno has checked out at kisok Kiosk 1', 'stud_timeout', 'unread', '2024-12-05 16:23:11', 'attendance'),
(434, 'Student Ansel Christian Santos has checked in at kisok Kiosk 1', 'stud_timein', 'unread', '2024-12-05 16:23:14', 'attendance'),
(435, 'Student Lorenzo Delos Santos Jr has checked out at kisok Kiosk 1', 'stud_timeout', 'unread', '2024-12-05 16:23:17', 'attendance'),
(436, 'Student Ansel Christian Santos has checked out at kisok Kiosk 1', 'stud_timeout', 'unread', '2024-12-05 16:24:06', 'attendance'),
(437, 'Student Rhylie Cedeno has checked in at kisok Kiosk 1', 'stud_timein', 'unread', '2024-12-05 16:24:08', 'attendance'),
(438, 'Student Ansel Christian Santos has checked in at kisok Kiosk 1', 'stud_timein', 'unread', '2024-12-05 16:24:11', 'attendance'),
(439, 'Student Rhylie Cedeno has checked out at kisok Kiosk 1', 'stud_timeout', 'unread', '2024-12-05 16:24:12', 'attendance'),
(440, 'Student Rhylie Cedeno has checked in at kisok Kiosk 1', 'stud_timein', 'unread', '2024-12-05 16:27:55', 'attendance'),
(441, 'Student Rhylie Cedeno has checked out at kisok Kiosk 1', 'stud_timeout', 'unread', '2024-12-05 16:27:57', 'attendance'),
(442, 'Student Rhylie Cedeno has checked in at kisok Kiosk 1', 'stud_timein', 'unread', '2024-12-05 16:36:17', 'attendance'),
(443, 'Student Rhylie Cedeno has checked out at kisok Kiosk 1', 'stud_timeout', 'unread', '2024-12-05 16:36:25', 'attendance'),
(444, 'Student Ansel Christian Santos has checked out at kisok Kiosk 1', 'stud_timeout', 'unread', '2024-12-05 16:36:32', 'attendance'),
(445, 'Student Ansel Christian Santos has checked in at kisok Kiosk 1', 'stud_timein', 'unread', '2024-12-05 16:42:53', 'attendance'),
(446, 'Student Ansel Christian Santos has checked out at kisok Kiosk 1', 'stud_timeout', 'unread', '2024-12-05 16:43:04', 'attendance'),
(447, 'Student Ansel Christian Santos has checked in at kisok Kiosk 1', 'stud_timein', 'unread', '2024-12-05 16:44:32', 'attendance'),
(448, 'Student Ansel Christian Santos has checked out at kisok Kiosk 1', 'stud_timeout', 'unread', '2024-12-05 16:44:37', 'attendance'),
(449, 'Student Ansel Christian Santos has checked in at kisok Kiosk 1', 'stud_timein', 'unread', '2024-12-05 16:50:08', 'attendance'),
(450, 'Student Ansel Christian Santos has checked out at kisok Kiosk 1', 'stud_timeout', 'unread', '2024-12-05 16:50:16', 'attendance'),
(451, 'Student Ansel Christian Santos has checked in at kisok Kiosk 1', 'stud_timein', 'unread', '2024-12-05 16:55:46', 'attendance'),
(452, 'Student Ansel Christian Santos has checked out at kisok Kiosk 1', 'stud_timeout', 'unread', '2024-12-05 16:55:59', 'attendance'),
(453, 'Student Ansel Christian Santos has checked in at kisok Kiosk 1', 'stud_timein', 'unread', '2024-12-05 16:56:06', 'attendance'),
(454, 'Student Ansel Christian Santos has checked out at kisok Kiosk 1', 'stud_timeout', 'unread', '2024-12-05 16:56:17', 'attendance'),
(455, 'Student Rhylie Cedeno has checked out at kisok Kiosk 1', 'stud_timeout', 'unread', '2024-12-09 10:20:38', 'attendance'),
(456, 'Student Lorenzo Delos Santos Jr has checked out at kisok Kiosk 1', 'stud_timeout', 'unread', '2024-12-09 14:00:32', 'attendance'),
(457, 'Student Lorenzo Delos Santos Jr has checked in at kisok Kiosk 1', 'stud_timein', 'unread', '2024-12-09 14:03:09', 'attendance'),
(458, 'Student Lorenzo Delos Santos Jr has checked out at kisok Kiosk 1', 'stud_timeout', 'unread', '2024-12-09 14:03:16', 'attendance'),
(459, 'Student Lorenzo Delos Santos Jr has checked in at kisok Kiosk 1', 'stud_timein', 'unread', '2024-12-09 14:06:24', 'attendance'),
(460, 'Student Lorenzo Delos Santos Jr has checked out at kisok Kiosk 1', 'stud_timeout', 'unread', '2024-12-09 14:06:31', 'attendance'),
(461, 'Student Ansel Christian Santos has checked out at kisok Kiosk 1', 'stud_timeout', 'unread', '2024-12-09 14:08:55', 'attendance'),
(462, 'Student Ansel Christian Santos has checked in at kisok Kiosk 1', 'stud_timein', 'unread', '2024-12-09 14:09:17', 'attendance'),
(463, 'Student Rhylie Cedeno has checked in at kisok Kiosk 1', 'stud_timein', 'unread', '2024-12-09 14:09:22', 'attendance'),
(464, 'Student Lorenzo Delos Santos Jr has checked in at kisok Kiosk 1', 'stud_timein', 'unread', '2024-12-09 14:09:24', 'attendance'),
(465, 'Student Ansel Christian Santos has checked out at kisok Kiosk 1', 'stud_timeout', 'unread', '2024-12-09 14:09:27', 'attendance'),
(466, 'Student Rhylie Cedeno has checked out at kisok Kiosk 1', 'stud_timeout', 'unread', '2024-12-09 14:09:29', 'attendance'),
(467, 'Student Lorenzo Delos Santos Jr has checked out at kisok Kiosk 1', 'stud_timeout', 'unread', '2024-12-09 14:09:30', 'attendance'),
(468, 'Student Ansel Christian Santos has checked in at kisok Kiosk 1', 'stud_timein', 'unread', '2024-12-09 14:09:57', 'attendance'),
(469, 'Student Rhylie Cedeno has checked in at kisok Kiosk 1', 'stud_timein', 'unread', '2024-12-09 14:09:59', 'attendance'),
(470, 'Student Lorenzo Delos Santos Jr has checked in at kisok Kiosk 1', 'stud_timein', 'unread', '2024-12-09 14:10:01', 'attendance'),
(471, 'Student Ansel Christian Santos has checked out at kisok Kiosk 1', 'stud_timeout', 'unread', '2024-12-09 14:10:03', 'attendance'),
(472, 'Student Rhylie Cedeno has checked out at kisok Kiosk 1', 'stud_timeout', 'unread', '2024-12-09 14:10:04', 'attendance'),
(473, 'Student Lorenzo Delos Santos Jr has checked out at kisok Kiosk 1', 'stud_timeout', 'unread', '2024-12-09 14:10:06', 'attendance'),
(474, 'Student Ansel Christian Santos has checked in at kisok Kiosk 1', 'stud_timein', 'unread', '2024-12-09 14:10:08', 'attendance'),
(475, 'Student Rhylie Cedeno has checked in at kisok Kiosk 1', 'stud_timein', 'unread', '2024-12-09 14:10:10', 'attendance'),
(476, 'Student Lorenzo Delos Santos Jr has checked in at kisok Kiosk 1', 'stud_timein', 'unread', '2024-12-09 14:10:11', 'attendance'),
(477, 'Student Ansel Christian Santos has checked out at kisok Kiosk 1', 'stud_timeout', 'unread', '2024-12-09 14:10:13', 'attendance'),
(478, 'Student Rhylie Cedeno has checked out at kisok Kiosk 1', 'stud_timeout', 'unread', '2024-12-09 14:10:16', 'attendance'),
(479, 'Student Lorenzo Delos Santos Jr has checked out at kisok Kiosk 1', 'stud_timeout', 'unread', '2024-12-09 14:10:24', 'attendance'),
(480, 'Student Rhylie Cedeno has checked in at kisok Kiosk 1', 'stud_timein', 'unread', '2024-12-09 14:17:36', 'attendance'),
(481, 'Student Rhylie Cedeno has checked out at kisok Kiosk 1', 'stud_timeout', 'unread', '2024-12-09 14:17:54', 'attendance'),
(482, 'Student Rhylie Cedeno has checked in at kisok Kiosk 1', 'stud_timein', 'unread', '2024-12-09 14:19:35', 'attendance'),
(483, 'Student Rhylie Cedeno has checked out at kisok Kiosk 1', 'stud_timeout', 'unread', '2024-12-09 14:19:36', 'attendance'),
(484, 'Student Ansel Christian Santos has checked in at kisok Kiosk 1', 'stud_timein', 'unread', '2024-12-09 14:33:49', 'attendance'),
(485, 'Student Lorenzo Delos Santos Jr has checked in at kisok Kiosk 1', 'stud_timein', 'unread', '2024-12-09 14:33:51', 'attendance'),
(486, 'Student Rhylie Cedeno has checked in at kisok Kiosk 1', 'stud_timein', 'unread', '2024-12-09 14:33:53', 'attendance'),
(487, 'Student Ansel Christian Santos has checked out at kisok Kiosk 1', 'stud_timeout', 'unread', '2024-12-09 14:33:55', 'attendance'),
(488, 'Student Lorenzo Delos Santos Jr has checked out at kisok Kiosk 1', 'stud_timeout', 'unread', '2024-12-09 14:33:57', 'attendance'),
(489, 'Student Rhylie Cedeno has checked out at kisok Kiosk 1', 'stud_timeout', 'unread', '2024-12-09 14:33:59', 'attendance'),
(490, 'Student Ansel Christian Santos has checked in at kisok Kiosk 1', 'stud_timein', 'unread', '2024-12-09 14:34:01', 'attendance'),
(491, 'Student Lorenzo Delos Santos Jr has checked in at kisok Kiosk 1', 'stud_timein', 'unread', '2024-12-09 14:34:02', 'attendance'),
(492, 'Student Rhylie Cedeno has checked in at kisok Kiosk 1', 'stud_timein', 'unread', '2024-12-09 14:34:04', 'attendance'),
(493, 'Student Ansel Christian Santos has checked out at kisok Kiosk 1', 'stud_timeout', 'unread', '2024-12-09 14:34:06', 'attendance'),
(494, 'Student Lorenzo Delos Santos Jr has checked out at kisok Kiosk 1', 'stud_timeout', 'unread', '2024-12-09 14:34:08', 'attendance'),
(495, 'Student Rhylie Cedeno has checked out at kisok Kiosk 1', 'stud_timeout', 'unread', '2024-12-09 14:34:10', 'attendance'),
(496, 'Student Ansel Christian Santos has checked in at kisok Kiosk 1', 'stud_timein', 'unread', '2024-12-09 14:34:12', 'attendance'),
(497, 'Student Lorenzo Delos Santos Jr has checked in at kisok Kiosk 1', 'stud_timein', 'unread', '2024-12-09 14:34:14', 'attendance'),
(498, 'Student Lorenzo Delos Santos Jr has checked out at kisok Kiosk 1', 'stud_timeout', 'unread', '2024-12-09 14:35:11', 'attendance'),
(499, 'Student Ansel Christian Santos has checked out at kisok Kiosk 1', 'stud_timeout', 'unread', '2024-12-09 14:35:13', 'attendance'),
(500, 'Student Rhylie Cedeno has checked in at kisok Kiosk 1', 'stud_timein', 'unread', '2024-12-09 14:35:15', 'attendance'),
(501, 'Student Rhylie Cedeno has checked out at kisok Kiosk 1', 'stud_timeout', 'unread', '2024-12-09 14:35:19', 'attendance'),
(502, 'Student Rhylie Cedeno has checked out at kisok Kiosk 1', 'stud_timeout', 'unread', '2024-12-09 15:14:46', 'attendance'),
(503, 'Student Rhylie Cedeno has checked in at kisok Kiosk 1', 'stud_timein', 'unread', '2024-12-09 15:15:40', 'attendance'),
(504, 'Student Rhylie Cedeno has checked out at kisok Kiosk 1', 'stud_timeout', 'unread', '2024-12-09 15:19:15', 'attendance');

-- --------------------------------------------------------

--
-- Table structure for table `room`
--

CREATE TABLE `room` (
  `id` int(11) NOT NULL,
  `floor` varchar(10) NOT NULL,
  `room` varchar(30) NOT NULL,
  `slotnumber` int(11) DEFAULT NULL,
  `opentime` time NOT NULL,
  `operationtime` int(2) NOT NULL,
  `closetime` time NOT NULL,
  `min_slot` int(11) NOT NULL,
  `max_slot` int(11) NOT NULL
) ENGINE=InnoDB DEFAULT CHARSET=utf8mb4 COLLATE=utf8mb4_general_ci;

--
-- Dumping data for table `room`
--

INSERT INTO `room` (`id`, `floor`, `room`, `slotnumber`, `opentime`, `operationtime`, `closetime`, `min_slot`, `max_slot`) VALUES
(26, '5F', 'DISCUSSION ROOM 1', 10, '09:00:00', 10, '16:00:00', 1, 4),
(27, '5F', 'DISCUSSION ROOM 2', 10, '07:00:00', 10, '19:00:00', 2, 8),
(28, '5F', 'DISCUSSION ROOM 3', 10, '08:00:00', 10, '21:00:00', 1, 4),
(29, '5F', 'DISCUSSION ROOM 4', 10, '08:00:00', 10, '18:00:00', 1, 4),
(30, '5F', 'DISCUSSION ROOM 5', 10, '08:00:00', 10, '18:00:00', 1, 4),
(40, '7F', 'THEATER LOBBY', 10, '08:00:00', 10, '18:00:00', 1, 4),
(5002, '3F', 'Test Room', 31, '09:00:00', 10, '19:00:00', 2, 5),
(5004, '2F', 'Reading Room 7', 25, '08:00:00', 10, '06:00:00', 2, 4),
(5005, '2F', 'Reading Room 7', 69, '08:00:00', 10, '18:00:00', 2, 4),
(5007, '5f', 'Computer', 10, '08:00:00', 0, '17:00:00', 1, 3),
(5008, '5f', 'Computer Area', 10, '08:00:00', 0, '17:00:00', 1, 3);

-- --------------------------------------------------------

--
-- Table structure for table `roombooklog`
--

CREATE TABLE `roombooklog` (
  `id` int(11) NOT NULL,
  `floor` varchar(20) DEFAULT NULL,
  `room` varchar(20) DEFAULT NULL,
  `date` date DEFAULT NULL,
  `start_time` int(11) DEFAULT NULL,
  `end_time` int(11) DEFAULT NULL,
  `Noa` int(3) DEFAULT NULL,
  `title` varchar(50) DEFAULT NULL,
  `username` varchar(20) DEFAULT NULL,
  `contact` varchar(20) DEFAULT NULL,
  `email` varchar(50) DEFAULT NULL,
  `description` longtext DEFAULT NULL,
  `at_time` varchar(50) DEFAULT NULL,
  `in_time` varchar(30) DEFAULT NULL,
  `in_status` varchar(10) DEFAULT NULL,
  `out_time` varchar(30) DEFAULT NULL,
  `out_status` varchar(10) DEFAULT NULL
) ENGINE=InnoDB DEFAULT CHARSET=utf8mb4 COLLATE=utf8mb4_general_ci;

--
-- Dumping data for table `roombooklog`
--

INSERT INTO `roombooklog` (`id`, `floor`, `room`, `date`, `start_time`, `end_time`, `Noa`, `title`, `username`, `contact`, `email`, `description`, `at_time`, `in_time`, `in_status`, `out_time`, `out_status`) VALUES
(1, '5F', 'DISCUSSION ROOM 1', '2024-01-05', 3, 5, 50, ' Seminar of Mathmetics', 'Michael xxx', '0922-3232-443', 'michael@mail.com', NULL, '2024-01-05 09:24:55', NULL, NULL, NULL, NULL),
(2, '5F', 'DISCUSSION ROOM 2', '2024-01-05', 0, 1, 20, ' Seminar of Mathmetics', 'Michael xxx', '0922-3232-443', 'michael@mail.com', NULL, '2024-01-05 09:28:04', NULL, NULL, NULL, NULL),
(3, '3F', 'Test Room', '2024-01-18', 0, 0, 10, 'AAA', 'AAA', 'AAA', 'delarosajosemiguelf@gmail.com', NULL, '2024-01-18 06:56:46', NULL, NULL, NULL, NULL),
(4, '5F', 'DISCUSSION ROOM 1', '2024-01-18', 0, 2, 10, 'AAA', 'AAA', 'AAA', 'mifdas@gmail.com', NULL, '2024-01-18 06:57:05', NULL, NULL, NULL, NULL);

-- --------------------------------------------------------

--
-- Table structure for table `roomslot`
--

CREATE TABLE `roomslot` (
  `id` int(11) NOT NULL,
  `floor` varchar(11) NOT NULL,
  `room` varchar(30) NOT NULL,
  `date` varchar(50) DEFAULT NULL,
  `opentime` varchar(10) DEFAULT NULL,
  `operationtime` int(2) NOT NULL,
  `closetime` varchar(10) NOT NULL,
  `status` varchar(100) CHARACTER SET utf8mb4 COLLATE utf8mb4_bin DEFAULT NULL,
  `uniqueid` varchar(20) DEFAULT NULL
) ENGINE=InnoDB DEFAULT CHARSET=utf8mb4 COLLATE=utf8mb4_general_ci;

--
-- Dumping data for table `roomslot`
--

INSERT INTO `roomslot` (`id`, `floor`, `room`, `date`, `opentime`, `operationtime`, `closetime`, `status`, `uniqueid`) VALUES
(1, 'GF', 'PWD COLLECTION ROOM', '2023-09-23', '08:00', 8, '', '[1,1,1,0,0,0,0,0,0,0,0]', NULL),
(2, '3F', 'INDIVIDUAL STUDY ROOM', '2023-09-23', '09:00', 10, '', '[1,1,1,0,0,0,0,0,0,0,0]', NULL),
(3, '3F', 'SILENT ROOM', '2023-09-23', '10:00', 9, '', '[1,1,1,0,0,0,0,0,0,0,0]', NULL),
(4, '4F', 'BULACANIANA SECTION', '2023-09-23', '08:00', 10, '', '[1,1,1,0,0,0,0,0,0,0,0]', NULL),
(5, '5F', 'AUDIO VISIUAL ROOM 1', '2023-09-23', '07:00', 10, '', '[1,1,1,0,0,0,0,0,0,0,0]', NULL),
(6, '5F', 'AUDIO VISIUAL ROOM 2', '2023-09-23', '08:00', 10, '', '[1,1,1,0,0,0,0,0,0,0,0]', NULL),
(7, '5F', 'PRESENTATION ROOM', '2023-09-23', '08:00', 10, '', '[1,1,1,0,0,0,0,0,0,0,0]', NULL),
(8, '5F', 'CONFERENCE ROOM', '2023-09-23', '08:00', 10, '', '[1,1,1,0,0,0,0,0,0,0,0]', NULL),
(9, '5F', 'DISCUSSION ROOM 2', '2023-09-23', '08:00', 10, '', '[1,1,1,0,0,0,0,0,0,0,0]', NULL),
(10, '5F', 'DISCUSSION ROOM 3', '2023-09-23', '08:00', 10, '', '[1,1,1,0,0,0,0,0,0,0,0]', NULL),
(11, '5F', 'DISCUSSION ROOM 4', '2023-09-23', '08:00', 10, '', '[1,1,1,0,0,0,0,0,0,0,0]', NULL),
(12, '5F', 'DISCUSSION ROOM 5', '2023-09-23', '08:00', 10, '', '[1,1,1,0,0,0,0,0,0,0,0]', NULL),
(13, '5F', 'LOUNGE', '2023-09-23', '08:00', 10, '', '[1,1,1,0,0,0,0,0,0,0,0]', NULL),
(14, '7F', 'LIBRARY FUNCTION HALL', '2023-09-23', '08:00', 10, '', '[1,1,1,0,0,0,0,0,0,0,0]', NULL),
(15, '7F', 'LIBRARY THEATER HALL', '2023-09-23', '08:00', 10, '', '[1,1,1,0,0,0,0,0,0,0,0]', NULL),
(16, 'GF', 'PWD COLLECTION ROOM', '2023-09-20', '08:00', 10, '', '[1,1,1,0,0,0,0,0,0,0,0]', NULL),
(17, '3F', 'INDIVIDUAL STUDY ROOM', '2023-09-20', '08:00', 10, '', '[1,1,1,0,0,0,0,0,0,0,0]', NULL),
(18, '3F', 'SILENT ROOM', '2023-09-20', '08:00', 10, '', '[1,1,1,0,0,0,0,0,0,0,0]', NULL),
(19, '4F', 'BULACANIANA SECTION', '2023-09-20', '08:00', 10, '', '[1,1,1,0,0,0,0,0,0,0,0]', NULL),
(20, '5F', 'AUDIO VISIUAL ROOM 1', '2023-09-20', '08:00', 10, '', '[1,1,1,0,0,0,0,0,0,0,0]', NULL),
(21, '5F', 'AUDIO VISIUAL ROOM 2', '2023-09-20', '08:00', 10, '', '[1,1,1,0,0,0,0,0,0,0,0]', NULL),
(22, '5F', 'PRESENTATION ROOM', '2023-09-20', '08:00', 10, '', '[1,1,1,0,0,0,0,0,0,0,0]', NULL),
(23, '5F', 'CONFERENCE ROOM', '2023-09-20', '08:00', 10, '', '[1,1,1,0,0,0,0,0,0,0,0]', NULL),
(24, '5F', 'DISCUSSION ROOM 2', '2023-09-20', '08:00', 10, '', '[1,1,1,0,0,0,0,0,0,0,0]', NULL),
(25, '5F', 'DISCUSSION ROOM 3', '2023-09-20', '08:00', 10, '', '[1,1,1,0,0,0,0,0,0,0,0]', NULL),
(26, '5F', 'DISCUSSION ROOM 4', '2023-09-20', '08:00', 10, '', '[1,1,1,0,0,0,0,0,0,0,0]', NULL),
(27, '5F', 'DISCUSSION ROOM 5', '2023-09-20', '08:00', 10, '', '[1,1,1,0,0,0,0,0,0,0,0]', NULL),
(28, '5F', 'LOUNGE', '2023-09-20', '08:00', 10, '', '[1,1,1,0,0,0,0,0,0,0,0]', NULL),
(29, '7F', 'LIBRARY FUNCTION HALL', '2023-09-20', '08:00', 10, '', '[1,1,1,0,0,0,0,0,0,0,0]', NULL),
(30, '7F', 'LIBRARY THEATER HALL', '2023-09-20', '08:00', 10, '', '[1,1,1,0,0,0,0,0,0,0,0]', NULL),
(31, 'GF', 'PWD COLLECTION ROOM', '2023-09-21', '08:00', 10, '', '[0,0,0,0,0,1,1,1,1,1,0]', NULL),
(32, '3F', 'INDIVIDUAL STUDY ROOM', '2023-09-21', '08:00', 10, '', '[0,0,0,0,0,1,1,1,1,1,0]', NULL),
(33, '3F', 'SILENT ROOM', '2023-09-21', '08:00', 10, '', '[0,0,0,0,0,1,1,1,1,1,0]', NULL),
(34, '4F', 'BULACANIANA SECTION', '2023-09-21', '08:00', 10, '', '[0,0,0,0,0,1,1,1,1,1,0]', NULL),
(35, '5F', 'AUDIO VISIUAL ROOM 1', '2023-09-21', '08:00', 10, '', '[0,0,0,0,0,1,1,1,1,1,0]', NULL),
(36, '5F', 'AUDIO VISIUAL ROOM 2', '2023-09-21', '08:00', 10, '', '[0,0,0,0,0,1,1,1,1,1,0]', NULL),
(37, '5F', 'PRESENTATION ROOM', '2023-09-21', '08:00', 10, '', '[0,0,0,0,0,1,1,1,1,1,0]', NULL),
(38, '5F', 'CONFERENCE ROOM', '2023-09-21', '08:00', 10, '', '[0,0,0,0,0,1,1,1,1,1,0]', NULL),
(39, '5F', 'DISCUSSION ROOM 2', '2023-09-21', '08:00', 10, '', '[0,0,0,0,0,1,1,1,1,1,0]', NULL),
(40, '5F', 'DISCUSSION ROOM 3', '2023-09-21', '08:00', 10, '', '[0,0,0,0,0,1,1,1,1,1,0]', NULL),
(41, '5F', 'DISCUSSION ROOM 4', '2023-09-21', '08:00', 10, '', '[0,0,0,0,0,1,1,1,1,1,0]', NULL),
(42, '5F', 'DISCUSSION ROOM 5', '2023-09-21', '08:00', 10, '', '[0,0,0,0,0,1,1,1,1,1,0]', NULL),
(43, '5F', 'LOUNGE', '2023-09-21', '08:00', 10, '', '[0,0,0,0,0,1,1,1,1,1,0]', NULL),
(44, '7F', 'LIBRARY FUNCTION HALL', '2023-09-21', '08:00', 10, '', '[0,0,0,0,0,1,1,1,1,1,0]', NULL),
(45, '7F', 'LIBRARY THEATER HALL', '2023-09-21', '08:00', 10, '', '[0,0,0,0,0,1,1,1,1,1,0]', NULL),
(46, 'GF', 'PWD COLLECTION ROOM', '2023-09-22', '08:00', 10, '', '[0,0,0,1,1,0,0,1,0,0,0]', NULL),
(47, '3F', 'INDIVIDUAL STUDY ROOM', '2023-09-22', '08:00', 10, '', '[0,0,0,1,1,0,0,1,0,0,0]', NULL),
(48, '3F', 'SILENT ROOM', '2023-09-22', '08:00', 10, '', '[0,0,0,1,1,0,0,1,0,0,0]', NULL),
(49, '4F', 'BULACANIANA SECTION', '2023-09-22', '08:00', 10, '', '[0,0,0,1,1,0,0,1,0,0,0]', NULL),
(50, '5F', 'AUDIO VISIUAL ROOM 1', '2023-09-22', '08:00', 10, '', '[0,0,0,1,1,0,0,1,0,0,0]', NULL),
(51, '5F', 'AUDIO VISIUAL ROOM 2', '2023-09-22', '08:00', 10, '', '[0,0,0,1,1,0,0,1,0,0,0]', NULL),
(52, '5F', 'PRESENTATION ROOM', '2023-09-22', '08:00', 10, '', '[0,0,0,1,1,0,0,1,0,0,0]', NULL),
(53, '5F', 'CONFERENCE ROOM', '2023-09-22', '08:00', 10, '', '[0,0,0,1,1,0,0,1,0,0,0]', NULL),
(54, '5F', 'DISCUSSION ROOM 2', '2023-09-22', '08:00', 10, '', '[0,0,0,1,1,0,0,1,0,0,0]', NULL),
(55, '5F', 'DISCUSSION ROOM 3', '2023-09-22', '08:00', 10, '', '[0,0,0,1,1,0,0,1,0,0,0]', NULL),
(56, '5F', 'DISCUSSION ROOM 4', '2023-09-22', '08:00', 10, '', '[0,0,0,1,1,0,0,1,0,0,0]', NULL),
(57, '5F', 'DISCUSSION ROOM 5', '2023-09-22', '08:00', 10, '', '[0,0,0,1,1,0,0,1,0,0,0]', NULL),
(58, '5F', 'LOUNGE', '2023-09-22', '08:00', 10, '', '[0,0,0,1,1,0,0,1,0,0,0]', NULL),
(59, '7F', 'LIBRARY FUNCTION HALL', '2023-09-22', '08:00', 10, '', '[0,0,0,1,1,0,0,1,0,0,0]', NULL),
(60, '7F', 'LIBRARY THEATER HALL', '2023-09-22', '08:00', 10, '', '[0,0,0,1,1,0,0,1,0,0,0]', NULL),
(61, '5F', 'DISCUSSION ROOM 1', '2023-10-03', '08:00', 10, '', '[0,0,0,0,0,0,0,0,0,0,0,0]', NULL),
(62, '5F', 'DISCUSSION ROOM 2', '2023-10-03', '08:00', 10, '', '[1,1,0,0,0,0,0,0,0,0,0,0]', NULL),
(63, '5F', 'DISCUSSION ROOM 3', '2023-10-03', '08:00', 10, '', '[0,0,0,0,0,0,0,0,0,0,0,0]', NULL),
(64, '5F', 'DISCUSSION ROOM 4', '2023-10-03', '08:00', 10, '', '[0,0,0,0,0,0,0,0,0,0,0,0]', NULL),
(65, '5F', 'DISCUSSION ROOM 5', '2023-10-03', '08:00', 10, '', '[0,0,0,0,0,0,0,0,0,0,0,0]', NULL),
(66, '7F', 'THEATER LOBBY', '2023-10-03', '08:00', 10, '', '[0,0,0,0,0,0,0,0,0,0,0,0]', NULL),
(69, '5F', 'DISCUSSION ROOM 1', '2023-10-05', '08:00', 10, '', '[0,0,0,0,0,0,0,0,0,0,0,0]', NULL),
(70, '5F', 'DISCUSSION ROOM 2', '2023-10-05', '08:00', 10, '', '[0,0,0,0,0,0,0,0,0,0,0,0]', NULL),
(71, '5F', 'DISCUSSION ROOM 3', '2023-10-05', '08:00', 10, '', '[0,0,0,0,0,0,0,0,0,0,0,0]', NULL),
(72, '5F', 'DISCUSSION ROOM 4', '2023-10-05', '08:00', 10, '', '[0,0,0,0,0,0,0,0,0,0,0,0]', NULL),
(73, '5F', 'DISCUSSION ROOM 5', '2023-10-05', '08:00', 10, '', '[0,0,0,0,0,0,0,0,0,0,0,0]', NULL),
(74, '7F', 'THEATER LOBBY', '2023-10-05', '08:00', 10, '', '[0,0,0,0,0,0,0,0,0,0,0,0]', NULL),
(75, '', 'DISCUSSION ROOM 2', '2023-10-04', '08:00', 10, '', '[1,1,0,0,0,0,0,0,0,0,0,0]', NULL),
(76, '5F', 'DISCUSSION ROOM 1', '2023-10-06', '08:00', 10, '', '[0,0,0,0,0,0,0,0,0,0,0,0]', NULL),
(77, '5F', 'DISCUSSION ROOM 2', '2023-10-06', '08:00', 10, '', '[0,0,0,0,0,0,0,0,0,0,0,0]', NULL),
(78, '5F', 'DISCUSSION ROOM 3', '2023-10-06', '08:00', 10, '', '[0,0,0,0,0,0,0,0,0,0,0,0]', NULL),
(79, '5F', 'DISCUSSION ROOM 4', '2023-10-06', '08:00', 10, '', '[0,0,0,0,0,0,0,0,0,0,0,0]', NULL),
(80, '5F', 'DISCUSSION ROOM 5', '2023-10-06', '08:00', 10, '', '[0,0,0,0,0,0,0,0,0,0,0,0]', NULL),
(81, '7F', 'THEATER LOBBY', '2023-10-06', '08:00', 10, '', '[0,0,0,0,0,0,0,0,0,0,0,0]', NULL),
(82, '5F', 'DISCUSSION ROOM 1', '2023-10-07', '08:00', 10, '', '[0,0,0,0,0,0,0,0,0,0,0,0]', NULL),
(83, '5F', 'DISCUSSION ROOM 2', '2023-10-07', '08:00', 10, '', '[0,0,0,0,0,0,0,0,0,0,0,0]', NULL),
(84, '5F', 'DISCUSSION ROOM 3', '2023-10-07', '08:00', 10, '', '[0,0,0,0,0,0,0,0,0,0,0,0]', NULL),
(85, '5F', 'DISCUSSION ROOM 4', '2023-10-07', '08:00', 10, '', '[0,0,0,0,0,0,0,0,0,0,0,0]', NULL),
(86, '5F', 'DISCUSSION ROOM 5', '2023-10-07', '08:00', 10, '', '[0,0,0,0,0,0,0,0,0,0,0,0]', NULL),
(87, '7F', 'THEATER LOBBY', '2023-10-07', '08:00', 10, '', '[0,0,0,0,0,0,0,0,0,0,0,0]', NULL),
(88, '5F', 'DISCUSSION ROOM 1', '2023-10-17', '08:00', 10, '', '[0,0,0,0,0,0,0,0,0,0,0,0]', NULL),
(89, '5F', 'DISCUSSION ROOM 2', '2023-10-17', '08:00', 10, '', '[0,0,0,0,0,0,0,0,0,0,0,0]', NULL),
(90, '5F', 'DISCUSSION ROOM 3', '2023-10-17', '08:00', 10, '', '[0,0,0,0,0,0,0,0,0,0,0,0]', NULL),
(91, '5F', 'DISCUSSION ROOM 4', '2023-10-17', '08:00', 10, '', '[0,0,0,0,0,0,0,0,0,0,0,0]', NULL),
(92, '5F', 'DISCUSSION ROOM 5', '2023-10-17', '08:00', 10, '', '[0,0,0,0,0,0,0,0,0,0,0,0]', NULL),
(93, '7F', 'THEATER LOBBY', '2023-10-17', '08:00', 10, '', '[1,1,0,0,1,1,0,0,0,0,0,0]', NULL),
(94, '5F', 'DISCUSSION ROOM 1', '2023-10-18', '08:00', 10, '', '[0,0,0,0,0,0,0,0,0,0,0,0]', NULL),
(95, '5F', 'DISCUSSION ROOM 2', '2023-10-18', '08:00', 10, '', '[0,0,0,0,0,0,0,0,0,0,0,0]', NULL),
(96, '5F', 'DISCUSSION ROOM 3', '2023-10-18', '08:00', 10, '', '[0,0,0,0,0,0,0,0,0,0,0,0]', NULL),
(97, '5F', 'DISCUSSION ROOM 4', '2023-10-18', '08:00', 10, '', '[0,0,0,0,0,0,0,0,0,0,0,0]', NULL),
(98, '5F', 'DISCUSSION ROOM 5', '2023-10-18', '08:00', 10, '', '[0,0,0,0,0,0,0,0,0,0,0,0]', NULL),
(99, '7F', 'THEATER LOBBY', '2023-10-18', '08:00', 10, '', '[0,0,0,0,0,0,0,0,0,0,0,0]', NULL),
(100, '5F', 'DISCUSSION ROOM 1', '2023-10-19', '08:00', 10, '', '[0,0,0,0,0,0,0,0,0,0,0,0]', NULL),
(101, '5F', 'DISCUSSION ROOM 2', '2023-10-19', '08:00', 10, '', '[0,0,0,0,0,0,0,0,0,0,0,0]', NULL),
(102, '5F', 'DISCUSSION ROOM 3', '2023-10-19', '08:00', 10, '', '[0,0,0,0,0,0,0,0,0,0,0,0]', NULL),
(103, '5F', 'DISCUSSION ROOM 4', '2023-10-19', '08:00', 10, '', '[0,0,0,0,0,0,0,0,0,0,0,0]', NULL),
(104, '5F', 'DISCUSSION ROOM 5', '2023-10-19', '08:00', 10, '', '[0,0,0,0,0,0,0,0,0,0,0,0]', NULL),
(105, '7F', 'THEATER LOBBY', '2023-10-19', '08:00', 10, '', '[0,0,0,0,0,0,0,0,0,0,0,0]', NULL),
(106, '2F', 'test room', '2023-10-19', '08:00', 10, '', '[0,0,0,0,0,0,0,0,0,0,0,0]', NULL),
(107, '5F', 'DISCUSSION ROOM 1', '2023-10-21', '08:00', 10, '', '[0,0,0,0,0,0,0,0,0,0,0,0]', NULL),
(108, '5F', 'DISCUSSION ROOM 2', '2023-10-21', '08:00', 10, '', '[0,0,0,0,0,0,0,0,0,0,0,0]', NULL),
(109, '5F', 'DISCUSSION ROOM 3', '2023-10-21', '08:00', 10, '', '[0,0,0,0,0,0,0,0,0,0,0,0]', NULL),
(110, '5F', 'DISCUSSION ROOM 4', '2023-10-21', '08:00', 10, '', '[0,0,0,0,0,0,0,0,0,0,0,0]', NULL),
(111, '5F', 'DISCUSSION ROOM 5', '2023-10-21', '08:00', 10, '', '[0,0,0,0,0,0,0,0,0,0,0,0]', NULL),
(112, '7F', 'THEATER LOBBY', '2023-10-21', '08:00', 10, '', '[0,0,0,0,0,0,0,0,0,0,0,0]', NULL),
(113, '2F', 'test room', '2023-10-21', '08:00', 10, '', '[0,0,0,0,0,0,0,0,0,0,0,0]', NULL),
(114, '5F', 'DISCUSSION ROOM 1', '2023-10-23', '08:00', 10, '', '[0,0,0,0,0,0,0,0,0,0,0,0]', NULL),
(115, '5F', 'DISCUSSION ROOM 2', '2023-10-23', '08:00', 10, '', '[0,0,0,0,0,0,0,0,0,0,0,0]', NULL),
(116, '5F', 'DISCUSSION ROOM 3', '2023-10-23', '08:00', 10, '', '[0,0,0,0,0,0,0,0,0,0,0,0]', NULL),
(117, '5F', 'DISCUSSION ROOM 4', '2023-10-23', '08:00', 10, '', '[0,0,0,0,0,0,0,0,0,0,0,0]', NULL),
(118, '5F', 'DISCUSSION ROOM 5', '2023-10-23', '08:00', 10, '', '[0,0,0,0,0,0,0,0,0,0,0,0]', NULL),
(119, '7F', 'THEATER LOBBY', '2023-10-23', '08:00', 10, '', '[0,0,0,0,0,0,0,0,0,0,0,0]', NULL),
(120, '2F', 'test room', '2023-10-23', '08:00', 10, '', '[0,0,0,0,0,0,0,0,0,0,0,0]', NULL),
(121, '5F', 'DISCUSSION ROOM 1', '2023-10-29', '08:00', 10, '', '[0,0,0,0,0,0,0,0,0,0,0,0]', NULL),
(122, '5F', 'DISCUSSION ROOM 2', '2023-10-29', '08:00', 10, '', '[0,0,0,0,0,0,0,0,0,0,0,0]', NULL),
(123, '5F', 'DISCUSSION ROOM 3', '2023-10-29', '08:00', 10, '', '[0,0,0,0,0,0,0,0,0,0,0,0]', NULL),
(124, '5F', 'DISCUSSION ROOM 4', '2023-10-29', '08:00', 10, '', '[0,0,0,0,0,0,0,0,0,0,0,0]', NULL),
(125, '5F', 'DISCUSSION ROOM 5', '2023-10-29', '08:00', 10, '', '[0,0,0,0,0,0,0,0,0,0,0,0]', NULL),
(126, '7F', 'THEATER LOBBY', '2023-10-29', '08:00', 10, '', '[0,0,0,0,0,0,0,0,0,0,0,0]', NULL),
(127, '2F', 'test room', '2023-10-29', '08:00', 10, '', '[0,0,0,0,0,0,0,0,0,0,0,0]', NULL),
(128, '5F', 'DISCUSSION ROOM 1', '2023-11-02', '08:00', 10, '', '[0,0,0,0,0,0,0,0,0,0,0,0]', NULL),
(129, '5F', 'DISCUSSION ROOM 2', '2023-11-02', '08:00', 10, '', '[0,0,0,0,0,0,0,0,0,0,0,0]', NULL),
(130, '5F', 'DISCUSSION ROOM 3', '2023-11-02', '08:00', 10, '', '[0,0,0,0,0,0,0,0,0,0,0,0]', NULL),
(156, '5F', 'DISCUSSION ROOM 1', '2023-11-07', '09:00:00', 10, '16:00:00', '[0,0,0,0,0,0,0,0,0,0,0,0]', NULL),
(157, '5F', 'DISCUSSION ROOM 2', '2023-11-07', '07:00:00', 10, '19:00:00', '[0,0,0,0,0,0,0,0,0,0,0,0]', NULL),
(158, '5F', 'DISCUSSION ROOM 3', '2023-11-07', '08:00:00', 10, '21:00:00', '[0,0,0,0,0,0,0,0,0,0,0,0]', NULL),
(159, '5F', 'DISCUSSION ROOM 4', '2023-11-07', '08:00:00', 10, '18:00:00', '[0,0,0,0,0,0,0,0,0,0,0,0]', NULL),
(160, '5F', 'DISCUSSION ROOM 5', '2023-11-07', '08:00:00', 10, '18:00:00', '[0,0,0,0,0,0,0,0,0,0,0,0]', NULL),
(161, '7F', 'THEATER LOBBY', '2023-11-07', '08:00:00', 10, '18:00:00', '[0,0,0,0,0,0,0,0,0,0,0,0]', NULL),
(162, '2F', 'test room', '2023-11-07', '08:00:00', 10, '18:00:00', '[0,0,0,0,0,0,0,0,0,0,0,0]', NULL),
(163, '5F', 'DISCUSSION ROOM 1', '2023-11-03', '09:00:00', 10, '16:00:00', '[0,0,0,0,0,0,0,0,0,0,0,0]', NULL),
(164, '5F', 'DISCUSSION ROOM 2', '2023-11-03', '07:00:00', 10, '19:00:00', '[0,0,0,0,0,0,0,0,0,0,0,0]', NULL),
(165, '5F', 'DISCUSSION ROOM 3', '2023-11-03', '08:00:00', 10, '21:00:00', '[0,0,0,0,0,0,0,0,0,0,0,0]', NULL),
(166, '5F', 'DISCUSSION ROOM 4', '2023-11-03', '08:00:00', 10, '18:00:00', '[0,0,0,0,0,0,0,0,0,0,0,0]', NULL),
(167, '5F', 'DISCUSSION ROOM 5', '2023-11-03', '08:00:00', 10, '18:00:00', '[0,0,0,0,0,0,0,0,0,0,0,0]', NULL),
(168, '7F', 'THEATER LOBBY', '2023-11-03', '08:00:00', 10, '18:00:00', '[0,0,0,0,0,0,0,0,0,0,0,0]', NULL),
(169, '2F', 'test room', '2023-11-03', '08:00:00', 10, '18:00:00', '[0,0,0,0,0,0,0,0,0,0,0,0]', NULL),
(170, '5F', 'DISCUSSION ROOM 1', '2023-11-06', '09:00:00', 10, '16:00:00', '[0,0,0,0,0,0,0,0,0,0,0,0]', NULL),
(171, '5F', 'DISCUSSION ROOM 2', '2023-11-06', '07:00:00', 10, '19:00:00', '[0,0,0,0,0,0,0,0,0,0,0,0]', NULL),
(172, '5F', 'DISCUSSION ROOM 3', '2023-11-06', '08:00:00', 10, '21:00:00', '[0,0,0,0,0,0,0,0,0,0,0,0]', NULL),
(173, '5F', 'DISCUSSION ROOM 4', '2023-11-06', '08:00:00', 10, '18:00:00', '[0,0,0,0,0,0,0,0,0,0,0,0]', NULL),
(174, '5F', 'DISCUSSION ROOM 5', '2023-11-06', '08:00:00', 10, '18:00:00', '[0,0,0,0,0,0,0,0,0,0,0,0]', NULL),
(175, '7F', 'THEATER LOBBY', '2023-11-06', '08:00:00', 10, '18:00:00', '[0,0,0,0,0,0,0,0,0,0,0,0]', NULL),
(176, '2F', 'test room', '2023-11-06', '08:00:00', 10, '18:00:00', '[0,0,0,0,0,0,0,0,0,0,0,0]', NULL),
(177, '5F', 'DISCUSSION ROOM 1', '2023-11-08', '09:00:00', 10, '16:00:00', '[0,0,0,0,0,0,0,0,0,0,0,0]', NULL),
(178, '5F', 'DISCUSSION ROOM 2', '2023-11-08', '07:00:00', 10, '19:00:00', '[0,0,0,0,0,0,0,0,0,0,0,0]', NULL),
(179, '5F', 'DISCUSSION ROOM 3', '2023-11-08', '08:00:00', 10, '21:00:00', '[0,0,0,0,0,0,0,0,0,0,0,0]', NULL),
(180, '5F', 'DISCUSSION ROOM 4', '2023-11-08', '08:00:00', 10, '18:00:00', '[0,0,0,0,0,0,0,0,0,0,0,0]', NULL),
(181, '5F', 'DISCUSSION ROOM 5', '2023-11-08', '08:00:00', 10, '18:00:00', '[0,0,0,0,0,0,0,0,0,0,0,0]', NULL),
(182, '7F', 'THEATER LOBBY', '2023-11-08', '08:00:00', 10, '18:00:00', '[0,0,0,0,0,0,0,0,0,0,0,0]', NULL),
(183, '2F', 'test room', '2023-11-08', '08:00:00', 10, '18:00:00', '[0,0,0,0,0,0,0,0,0,0,0,0]', NULL),
(184, '5F', 'DISCUSSION ROOM 1', '2023-11-14', '09:00:00', 10, '16:00:00', '[0,0,0,0,0,0,0,0,0,0,0,0]', NULL),
(185, '5F', 'DISCUSSION ROOM 2', '2023-11-14', '07:00:00', 10, '19:00:00', '[0,0,0,0,0,0,0,0,0,0,0,0]', NULL),
(186, '5F', 'DISCUSSION ROOM 3', '2023-11-14', '08:00:00', 10, '21:00:00', '[0,0,0,0,0,0,0,0,0,0,0,0]', NULL),
(187, '5F', 'DISCUSSION ROOM 4', '2023-11-14', '08:00:00', 10, '18:00:00', '[0,0,0,0,0,0,0,0,0,0,0,0]', NULL),
(188, '5F', 'DISCUSSION ROOM 5', '2023-11-14', '08:00:00', 10, '18:00:00', '[0,0,0,0,0,0,0,0,0,0,0,0]', NULL),
(189, '7F', 'THEATER LOBBY', '2023-11-14', '08:00:00', 10, '18:00:00', '[0,0,0,0,0,0,0,0,0,0,0,0]', NULL),
(190, '3F', 'Test Room', '2023-11-14', '09:00:00', 10, '19:00:00', '[0,0,0,0,0,0,0,0,0,0,0,0]', NULL),
(191, '5F', 'DISCUSSION ROOM 1', '2023-11-21', '09:00:00', 10, '16:00:00', '[0,0,0,0,0,0,0,0,0,0,0,0]', NULL),
(192, '5F', 'DISCUSSION ROOM 2', '2023-11-21', '07:00:00', 10, '19:00:00', '[0,0,0,0,0,0,0,0,0,0,0,0]', NULL),
(193, '5F', 'DISCUSSION ROOM 3', '2023-11-21', '08:00:00', 10, '21:00:00', '[0,0,0,0,0,0,0,0,0,0,0,0]', NULL),
(194, '5F', 'DISCUSSION ROOM 4', '2023-11-21', '08:00:00', 10, '18:00:00', '[0,0,0,0,0,0,0,0,0,0,0,0]', NULL),
(195, '5F', 'DISCUSSION ROOM 5', '2023-11-21', '08:00:00', 10, '18:00:00', '[0,0,0,0,0,0,0,0,0,0,0,0]', NULL),
(196, '7F', 'THEATER LOBBY', '2023-11-21', '08:00:00', 10, '18:00:00', '[0,0,0,0,0,0,0,0,0,0,0,0]', NULL),
(197, '3F', 'Test Room', '2023-11-21', '09:00:00', 10, '19:00:00', '[0,0,0,0,0,0,0,0,0,0,0,0]', NULL),
(198, '5F', 'DISCUSSION ROOM 1', '2023-11-28', '09:00:00', 10, '16:00:00', '[0,0,0,0,0,0,0,0,0,0,0,0]', NULL),
(199, '5F', 'DISCUSSION ROOM 2', '2023-11-28', '07:00:00', 10, '19:00:00', '[0,0,0,0,0,0,0,0,0,0,0,0]', NULL),
(200, '5F', 'DISCUSSION ROOM 3', '2023-11-28', '08:00:00', 10, '21:00:00', '[0,0,0,0,0,0,0,0,0,0,0,0]', NULL),
(201, '5F', 'DISCUSSION ROOM 4', '2023-11-28', '08:00:00', 10, '18:00:00', '[0,0,0,0,0,0,0,0,0,0,0,0]', NULL),
(202, '5F', 'DISCUSSION ROOM 5', '2023-11-28', '08:00:00', 10, '18:00:00', '[0,0,0,0,0,0,0,0,0,0,0,0]', NULL),
(203, '7F', 'THEATER LOBBY', '2023-11-28', '08:00:00', 10, '18:00:00', '[0,0,0,0,0,0,0,0,0,0,0,0]', NULL),
(204, '3F', 'Test Room', '2023-11-28', '09:00:00', 10, '19:00:00', '[0,0,0,0,0,0,0,0,0,0,0,0]', NULL),
(205, '5F', 'DISCUSSION ROOM 1', '2023-11-29', '09:00:00', 10, '16:00:00', '[0,0,0,0,0,0,0,0,0,0,0,0]', NULL),
(206, '5F', 'DISCUSSION ROOM 2', '2023-11-29', '07:00:00', 10, '19:00:00', '[0,0,0,0,0,0,0,0,0,0,0,0]', NULL),
(207, '5F', 'DISCUSSION ROOM 3', '2023-11-29', '08:00:00', 10, '21:00:00', '[0,0,0,0,0,0,0,0,0,0,0,0]', NULL),
(208, '5F', 'DISCUSSION ROOM 4', '2023-11-29', '08:00:00', 10, '18:00:00', '[0,0,0,0,0,0,0,0,0,0,0,0]', NULL),
(209, '5F', 'DISCUSSION ROOM 5', '2023-11-29', '08:00:00', 10, '18:00:00', '[0,0,0,0,0,0,0,0,0,0,0,0]', NULL),
(210, '7F', 'THEATER LOBBY', '2023-11-29', '08:00:00', 10, '18:00:00', '[0,0,0,0,0,0,0,0,0,0,0,0]', NULL),
(211, '3F', 'Test Room', '2023-11-29', '09:00:00', 10, '19:00:00', '[0,0,0,0,0,0,0,0,0,0,0,0]', NULL),
(212, '5F', 'DISCUSSION ROOM 1', '2023-12-07', '09:00:00', 10, '16:00:00', '[0,0,0,0,0,0,0,0,0,0,0,0]', NULL),
(213, '5F', 'DISCUSSION ROOM 2', '2023-12-07', '07:00:00', 10, '19:00:00', '[0,0,0,0,0,0,0,0,0,0,0,0]', NULL),
(214, '5F', 'DISCUSSION ROOM 3', '2023-12-07', '08:00:00', 10, '21:00:00', '[0,0,0,0,0,0,0,0,0,0,0,0]', NULL),
(215, '5F', 'DISCUSSION ROOM 4', '2023-12-07', '08:00:00', 10, '18:00:00', '[0,0,0,0,0,0,0,0,0,0,0,0]', NULL),
(216, '5F', 'DISCUSSION ROOM 5', '2023-12-07', '08:00:00', 10, '18:00:00', '[0,0,0,0,0,0,0,0,0,0,0,0]', NULL),
(217, '7F', 'THEATER LOBBY', '2023-12-07', '08:00:00', 10, '18:00:00', '[0,0,0,0,0,0,0,0,0,0,0,0]', NULL),
(218, '3F', 'Test Room', '2023-12-07', '09:00:00', 10, '19:00:00', '[0,0,0,0,0,0,0,0,0,0,0,0]', NULL),
(219, '5F', 'DISCUSSION ROOM 1', '2023-12-15', '09:00:00', 10, '16:00:00', '[0,0,0,0,0,0,0,0,0,0,0,0]', NULL),
(220, '5F', 'DISCUSSION ROOM 2', '2023-12-15', '07:00:00', 10, '19:00:00', '[0,0,0,0,0,0,0,0,0,0,0,0]', NULL),
(221, '5F', 'DISCUSSION ROOM 3', '2023-12-15', '08:00:00', 10, '21:00:00', '[0,0,0,0,0,0,0,0,0,0,0,0]', NULL),
(222, '5F', 'DISCUSSION ROOM 4', '2023-12-15', '08:00:00', 10, '18:00:00', '[0,0,0,0,0,0,0,0,0,0,0,0]', NULL),
(223, '5F', 'DISCUSSION ROOM 5', '2023-12-15', '08:00:00', 10, '18:00:00', '[0,0,0,0,0,0,0,0,0,0,0,0]', NULL),
(224, '7F', 'THEATER LOBBY', '2023-12-15', '08:00:00', 10, '18:00:00', '[0,0,0,0,0,0,0,0,0,0,0,0]', NULL),
(225, '3F', 'Test Room', '2023-12-15', '09:00:00', 10, '19:00:00', '[0,0,0,0,0,0,0,0,0,0,0,0]', NULL),
(226, '5F', 'DISCUSSION ROOM 1', '2023-12-18', '09:00:00', 10, '16:00:00', '[0,0,0,0,0,0,0,0,0,0,0,0]', NULL),
(227, '5F', 'DISCUSSION ROOM 2', '2023-12-18', '07:00:00', 10, '19:00:00', '[0,0,0,0,0,0,0,0,0,0,0,0]', NULL),
(228, '5F', 'DISCUSSION ROOM 3', '2023-12-18', '08:00:00', 10, '21:00:00', '[0,0,0,0,0,0,0,0,0,0,0,0]', NULL),
(229, '5F', 'DISCUSSION ROOM 4', '2023-12-18', '08:00:00', 10, '18:00:00', '[0,0,0,0,0,0,0,0,0,0,0,0]', NULL),
(230, '5F', 'DISCUSSION ROOM 5', '2023-12-18', '08:00:00', 10, '18:00:00', '[0,0,0,0,0,0,0,0,0,0,0,0]', NULL),
(231, '7F', 'THEATER LOBBY', '2023-12-18', '08:00:00', 10, '18:00:00', '[0,0,0,0,0,0,0,0,0,0,0,0]', NULL),
(232, '3F', 'Test Room', '2023-12-18', '09:00:00', 10, '19:00:00', '[0,0,0,0,0,0,0,0,0,0,0,0]', NULL),
(233, '5F', 'DISCUSSION ROOM 1', '2023-12-20', '09:00:00', 10, '16:00:00', '[0,0,0,0,0,0,0,0,0,0,0,0]', NULL),
(234, '5F', 'DISCUSSION ROOM 2', '2023-12-20', '07:00:00', 10, '19:00:00', '[0,0,0,0,0,0,0,0,0,0,0,0]', NULL),
(235, '5F', 'DISCUSSION ROOM 3', '2023-12-20', '08:00:00', 10, '21:00:00', '[0,0,0,0,0,0,0,0,0,0,0,0]', NULL),
(236, '5F', 'DISCUSSION ROOM 4', '2023-12-20', '08:00:00', 10, '18:00:00', '[0,0,0,0,0,0,0,0,0,0,0,0]', NULL),
(237, '5F', 'DISCUSSION ROOM 5', '2023-12-20', '08:00:00', 10, '18:00:00', '[0,0,0,0,0,0,0,0,0,0,0,0]', NULL),
(238, '7F', 'THEATER LOBBY', '2023-12-20', '08:00:00', 10, '18:00:00', '[0,0,0,0,0,0,0,0,0,0,0,0]', NULL),
(239, '3F', 'Test Room', '2023-12-20', '09:00:00', 10, '19:00:00', '[0,0,0,0,0,0,0,0,0,0,0,0]', NULL),
(240, '5F', 'DISCUSSION ROOM 1', '2023-12-21', '09:00:00', 10, '16:00:00', '[1,0,1,1,0,0,0,0,0,0,0,0]', NULL),
(241, '5F', 'DISCUSSION ROOM 2', '2023-12-21', '07:00:00', 10, '19:00:00', '[0,1,1,0,1,1,0,0,0,0,0,0]', NULL),
(242, '5F', 'DISCUSSION ROOM 3', '2023-12-21', '08:00:00', 10, '21:00:00', '[0,1,1,1,0,0,0,0,0,0,0,0]', NULL),
(243, '5F', 'DISCUSSION ROOM 4', '2023-12-21', '08:00:00', 10, '18:00:00', '[1,1,0,0,0,0,0,0,0,0,0,0]', NULL),
(244, '5F', 'DISCUSSION ROOM 5', '2023-12-21', '08:00:00', 10, '18:00:00', '[0,1,1,0,0,0,0,0,0,0,0,0]', NULL),
(245, '7F', 'THEATER LOBBY', '2023-12-21', '08:00:00', 10, '18:00:00', '[1,1,0,0,0,0,0,0,0,0,0,0]', NULL),
(246, '3F', 'Test Room', '2023-12-21', '09:00:00', 10, '19:00:00', '[1,0,0,0,0,1,0,0,0,0,0,0]', NULL),
(247, '5F', 'DISCUSSION ROOM 1', '2023-12-22', '09:00:00', 10, '16:00:00', '[1,0,0,1,1,1,0,0,0,0,0,0]', NULL),
(248, '5F', 'DISCUSSION ROOM 2', '2023-12-22', '07:00:00', 10, '19:00:00', '[0,0,0,0,0,0,0,0,0,0,0,0]', NULL),
(249, '5F', 'DISCUSSION ROOM 3', '2023-12-22', '08:00:00', 10, '21:00:00', '[0,0,0,0,0,0,0,0,0,0,0,0]', NULL),
(250, '5F', 'DISCUSSION ROOM 4', '2023-12-22', '08:00:00', 10, '18:00:00', '[0,0,0,0,0,0,0,0,0,0,0,0]', NULL),
(251, '5F', 'DISCUSSION ROOM 5', '2023-12-22', '08:00:00', 10, '18:00:00', '[0,0,0,0,0,0,0,0,0,0,0,0]', NULL),
(252, '7F', 'THEATER LOBBY', '2023-12-22', '08:00:00', 10, '18:00:00', '[0,0,0,0,0,0,0,0,0,0,0,0]', NULL),
(253, '3F', 'Test Room', '2023-12-22', '09:00:00', 10, '19:00:00', '[0,0,0,0,0,0,0,0,0,0,0,0]', NULL),
(254, '5F', 'DISCUSSION ROOM 1', '2023-12-23', '09:00:00', 10, '16:00:00', '[0,0,0,0,0,0,0,0,0,0,0,0]', NULL),
(255, '5F', 'DISCUSSION ROOM 2', '2023-12-23', '07:00:00', 10, '19:00:00', '[0,0,0,0,0,0,0,0,0,0,0,0]', NULL),
(256, '5F', 'DISCUSSION ROOM 3', '2023-12-23', '08:00:00', 10, '21:00:00', '[0,0,0,0,0,0,0,0,0,0,0,0]', NULL),
(257, '5F', 'DISCUSSION ROOM 4', '2023-12-23', '08:00:00', 10, '18:00:00', '[0,0,0,0,0,0,0,0,0,0,0,0]', NULL),
(258, '5F', 'DISCUSSION ROOM 5', '2023-12-23', '08:00:00', 10, '18:00:00', '[0,0,0,0,0,0,0,0,0,0,0,0]', NULL),
(259, '7F', 'THEATER LOBBY', '2023-12-23', '08:00:00', 10, '18:00:00', '[0,0,0,0,0,0,0,0,0,0,0,0]', NULL),
(260, '3F', 'Test Room', '2023-12-23', '09:00:00', 10, '19:00:00', '[0,0,0,0,0,0,0,0,0,0,0,0]', NULL),
(261, '5F', 'DISCUSSION ROOM 1', '2023-12-26', '09:00:00', 10, '16:00:00', '[0,0,0,0,0,0,0,0,0,0,0,0]', NULL),
(262, '5F', 'DISCUSSION ROOM 2', '2023-12-26', '07:00:00', 10, '19:00:00', '[0,1,1,0,0,0,0,0,0,0,0,0]', NULL),
(263, '5F', 'DISCUSSION ROOM 3', '2023-12-26', '08:00:00', 10, '21:00:00', '[0,0,0,0,0,0,0,0,0,0,0,0]', NULL),
(264, '5F', 'DISCUSSION ROOM 4', '2023-12-26', '08:00:00', 10, '18:00:00', '[1,0,0,0,0,0,0,0,0,0,0,0]', NULL),
(265, '5F', 'DISCUSSION ROOM 5', '2023-12-26', '08:00:00', 10, '18:00:00', '[0,0,0,0,0,0,0,0,0,0,0,0]', NULL),
(266, '7F', 'THEATER LOBBY', '2023-12-26', '08:00:00', 10, '18:00:00', '[0,0,0,0,0,0,0,0,0,0,0,0]', NULL),
(267, '3F', 'Test Room', '2023-12-26', '09:00:00', 10, '19:00:00', '[0,0,0,0,0,0,0,0,0,0,0,0]', NULL),
(268, '5F', 'DISCUSSION ROOM 1', '2023-12-27', '09:00:00', 10, '16:00:00', '[0,1,0,0,0,0,0,0,0,0,0,0]', NULL),
(269, '5F', 'DISCUSSION ROOM 2', '2023-12-27', '07:00:00', 10, '19:00:00', '[0,0,0,0,0,0,0,0,0,0,0,0]', NULL),
(270, '5F', 'DISCUSSION ROOM 3', '2023-12-27', '08:00:00', 10, '21:00:00', '[0,0,0,0,0,0,0,0,0,0,0,0]', NULL),
(271, '5F', 'DISCUSSION ROOM 4', '2023-12-27', '08:00:00', 10, '18:00:00', '[0,0,0,0,0,0,0,0,0,0,0,0]', NULL),
(272, '5F', 'DISCUSSION ROOM 5', '2023-12-27', '08:00:00', 10, '18:00:00', '[0,0,0,0,0,0,0,0,0,0,0,0]', NULL),
(273, '7F', 'THEATER LOBBY', '2023-12-27', '08:00:00', 10, '18:00:00', '[0,0,0,0,0,0,0,0,0,0,0,0]', NULL),
(274, '3F', 'Test Room', '2023-12-27', '09:00:00', 10, '19:00:00', '[0,0,0,0,0,0,0,0,0,0,0,0]', NULL),
(275, '5F', 'DISCUSSION ROOM 1', '2023-12-30', '09:00:00', 10, '16:00:00', '[0,0,0,0,0,0,0,0,0,0,0,0]', NULL),
(276, '5F', 'DISCUSSION ROOM 2', '2023-12-30', '07:00:00', 10, '19:00:00', '[0,0,0,0,0,0,0,0,0,0,0,0]', NULL),
(277, '5F', 'DISCUSSION ROOM 3', '2023-12-30', '08:00:00', 10, '21:00:00', '[0,0,0,0,0,0,0,0,0,0,0,0]', NULL),
(278, '5F', 'DISCUSSION ROOM 4', '2023-12-30', '08:00:00', 10, '18:00:00', '[0,0,0,0,0,0,0,0,0,0,0,0]', NULL),
(279, '5F', 'DISCUSSION ROOM 5', '2023-12-30', '08:00:00', 10, '18:00:00', '[0,0,0,0,0,0,0,0,0,0,0,0]', NULL),
(280, '7F', 'THEATER LOBBY', '2023-12-30', '08:00:00', 10, '18:00:00', '[0,0,0,0,0,0,0,0,0,0,0,0]', NULL),
(281, '3F', 'Test Room', '2023-12-30', '09:00:00', 10, '19:00:00', '[0,0,0,0,0,0,0,0,0,0,0,0]', NULL),
(282, '5F', 'DISCUSSION ROOM 1', '2024-01-02', '09:00:00', 10, '16:00:00', '[0,0,0,0,0,0,0,0,0,0,0,0]', NULL),
(283, '5F', 'DISCUSSION ROOM 2', '2024-01-02', '07:00:00', 10, '19:00:00', '[0,0,0,0,0,0,0,0,0,0,0,0]', NULL),
(284, '5F', 'DISCUSSION ROOM 3', '2024-01-02', '08:00:00', 10, '21:00:00', '[0,0,0,0,0,0,0,0,0,0,0,0]', NULL),
(285, '5F', 'DISCUSSION ROOM 4', '2024-01-02', '08:00:00', 10, '18:00:00', '[0,0,0,0,0,0,0,0,0,0,0,0]', NULL),
(286, '5F', 'DISCUSSION ROOM 5', '2024-01-02', '08:00:00', 10, '18:00:00', '[0,0,0,0,0,0,0,0,0,0,0,0]', NULL),
(287, '7F', 'THEATER LOBBY', '2024-01-02', '08:00:00', 10, '18:00:00', '[0,0,0,0,0,0,0,0,0,0,0,0]', NULL),
(288, '3F', 'Test Room', '2024-01-02', '09:00:00', 10, '19:00:00', '[0,0,0,0,0,0,0,0,0,0,0,0]', NULL),
(289, '5F', 'DISCUSSION ROOM 1', '2024-01-03', '09:00:00', 10, '16:00:00', '[0,0,0,0,0,0,0,0,0,0,0,0]', NULL),
(290, '5F', 'DISCUSSION ROOM 2', '2024-01-03', '07:00:00', 10, '19:00:00', '[0,0,0,0,0,0,0,0,0,0,0,0]', NULL),
(291, '5F', 'DISCUSSION ROOM 3', '2024-01-03', '08:00:00', 10, '21:00:00', '[0,0,0,0,0,0,0,0,0,0,0,0]', NULL),
(292, '5F', 'DISCUSSION ROOM 4', '2024-01-03', '08:00:00', 10, '18:00:00', '[0,0,0,0,0,0,0,0,0,0,0,0]', NULL),
(293, '5F', 'DISCUSSION ROOM 5', '2024-01-03', '08:00:00', 10, '18:00:00', '[0,0,0,0,0,0,0,0,0,0,0,0]', NULL),
(294, '7F', 'THEATER LOBBY', '2024-01-03', '08:00:00', 10, '18:00:00', '[0,0,0,0,0,0,0,0,0,0,0,0]', NULL),
(295, '3F', 'Test Room', '2024-01-03', '09:00:00', 10, '19:00:00', '[0,0,0,0,0,0,0,0,0,0,0,0]', NULL),
(296, '5F', 'DISCUSSION ROOM 1', '2024-01-04', '09:00:00', 10, '16:00:00', '[0,0,0,0,0,0,0,0,0,0,0,0]', NULL),
(297, '5F', 'DISCUSSION ROOM 2', '2024-01-04', '07:00:00', 10, '19:00:00', '[0,0,0,0,0,0,0,0,0,0,0,0]', NULL),
(298, '5F', 'DISCUSSION ROOM 3', '2024-01-04', '08:00:00', 10, '21:00:00', '[0,0,0,0,0,0,0,0,0,0,0,0]', NULL),
(299, '5F', 'DISCUSSION ROOM 4', '2024-01-04', '08:00:00', 10, '18:00:00', '[0,0,0,0,0,0,0,0,0,0,0,0]', NULL),
(300, '5F', 'DISCUSSION ROOM 5', '2024-01-04', '08:00:00', 10, '18:00:00', '[0,0,0,0,0,0,0,0,0,0,0,0]', NULL),
(301, '7F', 'THEATER LOBBY', '2024-01-04', '08:00:00', 10, '18:00:00', '[0,0,0,0,0,0,0,0,0,0,0,0]', NULL),
(302, '3F', 'Test Room', '2024-01-04', '09:00:00', 10, '19:00:00', '[0,0,0,0,0,0,0,0,0,0,0,0]', NULL),
(303, '5F', 'DISCUSSION ROOM 1', '2024-01-05', '09:00:00', 10, '16:00:00', '[1,1,1,1,1,0,0,0,0,0,0,0]', NULL),
(304, '5F', 'DISCUSSION ROOM 2', '2024-01-05', '07:00:00', 10, '19:00:00', '[1,0,0,0,0,0,0,0,0,0,0,0]', NULL),
(305, '5F', 'DISCUSSION ROOM 3', '2024-01-05', '08:00:00', 10, '21:00:00', '[0,0,0,0,0,0,0,0,0,0,0,0]', NULL),
(306, '5F', 'DISCUSSION ROOM 4', '2024-01-05', '08:00:00', 10, '18:00:00', '[0,0,0,0,0,0,0,0,0,0,0,0]', NULL),
(307, '5F', 'DISCUSSION ROOM 5', '2024-01-05', '08:00:00', 10, '18:00:00', '[0,0,0,0,0,0,0,0,0,0,0,0]', NULL),
(308, '7F', 'THEATER LOBBY', '2024-01-05', '08:00:00', 10, '18:00:00', '[0,0,0,0,0,0,0,0,0,0,0,0]', NULL),
(309, '3F', 'Test Room', '2024-01-05', '09:00:00', 10, '19:00:00', '[0,0,0,0,0,0,0,0,0,0,0,0]', NULL),
(310, '5F', 'DISCUSSION ROOM 1', '2024-01-06', '09:00:00', 10, '16:00:00', '[0,0,0,0,0,0,0,0,0,0,0,0]', NULL),
(311, '5F', 'DISCUSSION ROOM 2', '2024-01-06', '07:00:00', 10, '19:00:00', '[0,0,0,0,0,0,0,0,0,0,0,0]', NULL),
(312, '5F', 'DISCUSSION ROOM 3', '2024-01-06', '08:00:00', 10, '21:00:00', '[0,0,0,0,0,0,0,0,0,0,0,0]', NULL),
(313, '5F', 'DISCUSSION ROOM 4', '2024-01-06', '08:00:00', 10, '18:00:00', '[0,0,0,0,0,0,0,0,0,0,0,0]', NULL),
(314, '5F', 'DISCUSSION ROOM 5', '2024-01-06', '08:00:00', 10, '18:00:00', '[0,0,0,0,0,0,0,0,0,0,0,0]', NULL),
(315, '7F', 'THEATER LOBBY', '2024-01-06', '08:00:00', 10, '18:00:00', '[0,0,0,0,0,0,0,0,0,0,0,0]', NULL),
(316, '3F', 'Test Room', '2024-01-06', '09:00:00', 10, '19:00:00', '[0,0,0,0,0,0,0,0,0,0,0,0]', NULL),
(317, '5F', 'DISCUSSION ROOM 1', '2024-01-10', '09:00:00', 10, '16:00:00', '[0,0,0,0,0,0,0,0,0,0,0,0]', NULL),
(318, '5F', 'DISCUSSION ROOM 2', '2024-01-10', '07:00:00', 10, '19:00:00', '[0,0,0,0,0,0,0,0,0,0,0,0]', NULL),
(319, '5F', 'DISCUSSION ROOM 3', '2024-01-10', '08:00:00', 10, '21:00:00', '[0,0,0,0,0,0,0,0,0,0,0,0]', NULL),
(320, '5F', 'DISCUSSION ROOM 4', '2024-01-10', '08:00:00', 10, '18:00:00', '[0,0,0,0,0,0,0,0,0,0,0,0]', NULL),
(321, '5F', 'DISCUSSION ROOM 5', '2024-01-10', '08:00:00', 10, '18:00:00', '[0,0,0,0,0,0,0,0,0,0,0,0]', NULL),
(322, '7F', 'THEATER LOBBY', '2024-01-10', '08:00:00', 10, '18:00:00', '[0,0,0,0,0,0,0,0,0,0,0,0]', NULL),
(323, '3F', 'Test Room', '2024-01-10', '09:00:00', 10, '19:00:00', '[0,0,0,0,0,0,0,0,0,0,0,0]', NULL),
(324, '5F', 'DISCUSSION ROOM 1', '2024-01-11', '09:00:00', 10, '16:00:00', '[0,0,0,0,0,0,0,0,0,0,0,0]', NULL),
(325, '5F', 'DISCUSSION ROOM 2', '2024-01-11', '07:00:00', 10, '19:00:00', '[0,0,0,0,0,0,0,0,0,0,0,0]', NULL),
(326, '5F', 'DISCUSSION ROOM 3', '2024-01-11', '08:00:00', 10, '21:00:00', '[0,0,0,0,0,0,0,0,0,0,0,0]', NULL),
(327, '5F', 'DISCUSSION ROOM 4', '2024-01-11', '08:00:00', 10, '18:00:00', '[0,0,0,0,0,0,0,0,0,0,0,0]', NULL),
(328, '5F', 'DISCUSSION ROOM 5', '2024-01-11', '08:00:00', 10, '18:00:00', '[0,0,0,0,0,0,0,0,0,0,0,0]', NULL),
(329, '7F', 'THEATER LOBBY', '2024-01-11', '08:00:00', 10, '18:00:00', '[0,0,0,0,0,0,0,0,0,0,0,0]', NULL),
(330, '3F', 'Test Room', '2024-01-11', '09:00:00', 10, '19:00:00', '[0,0,0,0,0,0,0,0,0,0,0,0]', NULL),
(331, '5F', 'DISCUSSION ROOM 1', '2024-01-15', '09:00:00', 10, '16:00:00', '[0,0,0,0,0,0,0,0,0,0,0,0]', NULL),
(332, '5F', 'DISCUSSION ROOM 2', '2024-01-15', '07:00:00', 10, '19:00:00', '[0,0,0,0,0,0,0,0,0,0,0,0]', NULL),
(333, '5F', 'DISCUSSION ROOM 3', '2024-01-15', '08:00:00', 10, '21:00:00', '[0,0,0,0,0,0,0,0,0,0,0,0]', NULL),
(334, '5F', 'DISCUSSION ROOM 4', '2024-01-15', '08:00:00', 10, '18:00:00', '[0,0,0,0,0,0,0,0,0,0,0,0]', NULL),
(335, '5F', 'DISCUSSION ROOM 5', '2024-01-15', '08:00:00', 10, '18:00:00', '[0,0,0,0,0,0,0,0,0,0,0,0]', NULL),
(336, '7F', 'THEATER LOBBY', '2024-01-15', '08:00:00', 10, '18:00:00', '[0,0,0,0,0,0,0,0,0,0,0,0]', NULL),
(337, '3F', 'Test Room', '2024-01-15', '09:00:00', 10, '19:00:00', '[0,0,0,0,0,0,0,0,0,0,0,0]', NULL),
(338, '5F', 'DISCUSSION ROOM 1', '2024-01-18', '09:00:00', 10, '16:00:00', '[1,1,0,0,0,0,0,0,0,0,0,0]', NULL),
(339, '5F', 'DISCUSSION ROOM 2', '2024-01-18', '07:00:00', 10, '19:00:00', '[0,0,0,0,0,0,0,0,0,0,0,0]', NULL),
(340, '5F', 'DISCUSSION ROOM 3', '2024-01-18', '08:00:00', 10, '21:00:00', '[0,0,0,0,0,0,0,0,0,0,0,0]', NULL),
(341, '5F', 'DISCUSSION ROOM 4', '2024-01-18', '08:00:00', 10, '18:00:00', '[0,0,0,0,0,0,0,0,0,0,0,0]', NULL),
(342, '5F', 'DISCUSSION ROOM 5', '2024-01-18', '08:00:00', 10, '18:00:00', '[0,0,0,0,0,0,0,0,0,0,0,0]', NULL),
(343, '7F', 'THEATER LOBBY', '2024-01-18', '08:00:00', 10, '18:00:00', '[0,0,0,0,0,0,0,0,0,0,0,0]', NULL),
(344, '3F', 'Test Room', '2024-01-18', '09:00:00', 10, '19:00:00', '[0,0,0,0,0,0,0,0,0,0,0,0]', NULL),
(345, '5F', 'DISCUSSION ROOM 1', '2024-01-22', '09:00:00', 10, '16:00:00', '[0,0,0,0,0,0,0,0,0,0,0,0]', NULL),
(346, '5F', 'DISCUSSION ROOM 2', '2024-01-22', '07:00:00', 10, '19:00:00', '[0,0,0,0,0,0,0,0,0,0,0,0]', NULL),
(347, '5F', 'DISCUSSION ROOM 3', '2024-01-22', '08:00:00', 10, '21:00:00', '[0,0,0,0,0,0,0,0,0,0,0,0]', NULL),
(348, '5F', 'DISCUSSION ROOM 4', '2024-01-22', '08:00:00', 10, '18:00:00', '[0,0,0,0,0,0,0,0,0,0,0,0]', NULL),
(349, '5F', 'DISCUSSION ROOM 5', '2024-01-22', '08:00:00', 10, '18:00:00', '[0,0,0,0,0,0,0,0,0,0,0,0]', NULL),
(350, '7F', 'THEATER LOBBY', '2024-01-22', '08:00:00', 10, '18:00:00', '[0,0,0,0,0,0,0,0,0,0,0,0]', NULL),
(351, '3F', 'Test Room', '2024-01-22', '09:00:00', 10, '19:00:00', '[0,0,0,0,0,0,0,0,0,0,0,0]', NULL),
(352, '5F', 'DISCUSSION ROOM 1', '2024-01-23', '09:00:00', 10, '16:00:00', '[0,0,0,0,0,0,0,0,0,0,0,0]', NULL),
(353, '5F', 'DISCUSSION ROOM 2', '2024-01-23', '07:00:00', 10, '19:00:00', '[0,0,0,0,0,0,0,0,0,0,0,0]', NULL),
(354, '5F', 'DISCUSSION ROOM 3', '2024-01-23', '08:00:00', 10, '21:00:00', '[0,0,0,0,0,0,0,0,0,0,0,0]', NULL),
(355, '5F', 'DISCUSSION ROOM 4', '2024-01-23', '08:00:00', 10, '18:00:00', '[0,0,0,0,0,0,0,0,0,0,0,0]', NULL),
(356, '5F', 'DISCUSSION ROOM 5', '2024-01-23', '08:00:00', 10, '18:00:00', '[0,0,0,0,0,0,0,0,0,0,0,0]', NULL),
(357, '7F', 'THEATER LOBBY', '2024-01-23', '08:00:00', 10, '18:00:00', '[0,0,0,0,0,0,0,0,0,0,0,0]', NULL),
(358, '3F', 'Test Room', '2024-01-23', '09:00:00', 10, '19:00:00', '[0,0,0,0,0,0,0,0,0,0,0,0]', NULL),
(359, '2F', 'Reading Room 7', '2024-01-23', '08:00:00', 10, '06:00:00', '[0,0,0,0,0,0,0,0,0,0,0,0]', NULL),
(360, '2F', 'Reading Room 7', '2024-01-23', '08:00:00', 10, '18:00:00', '[0,0,0,0,0,0,0,0,0,0,0,0]', NULL),
(361, '5F', 'DISCUSSION ROOM 1', '2024-01-24', '09:00:00', 10, '16:00:00', '[0,0,0,0,0,0,0,0,0,0,0,0]', NULL),
(362, '5F', 'DISCUSSION ROOM 2', '2024-01-24', '07:00:00', 10, '19:00:00', '[0,0,0,0,0,0,0,0,0,0,0,0]', NULL),
(363, '5F', 'DISCUSSION ROOM 3', '2024-01-24', '08:00:00', 10, '21:00:00', '[0,0,0,0,0,0,0,0,0,0,0,0]', NULL),
(364, '5F', 'DISCUSSION ROOM 4', '2024-01-24', '08:00:00', 10, '18:00:00', '[0,0,0,0,0,0,0,0,0,0,0,0]', NULL),
(365, '5F', 'DISCUSSION ROOM 5', '2024-01-24', '08:00:00', 10, '18:00:00', '[0,0,0,0,0,0,0,0,0,0,0,0]', NULL),
(366, '7F', 'THEATER LOBBY', '2024-01-24', '08:00:00', 10, '18:00:00', '[0,0,0,0,0,0,0,0,0,0,0,0]', NULL),
(367, '3F', 'Test Room', '2024-01-24', '09:00:00', 10, '19:00:00', '[0,0,0,0,0,0,0,0,0,0,0,0]', NULL),
(368, '2F', 'Reading Room 7', '2024-01-24', '08:00:00', 10, '06:00:00', '[0,0,0,0,0,0,0,0,0,0,0,0]', NULL),
(369, '2F', 'Reading Room 7', '2024-01-24', '08:00:00', 10, '18:00:00', '[0,0,0,0,0,0,0,0,0,0,0,0]', NULL),
(370, '5f', 'Computer', '2024-01-24', '08:00:00', 0, '17:00:00', '[0,0,0,0,0,0,0,0,0,0,0,0]', NULL),
(371, '5F', 'DISCUSSION ROOM 1', '2024-01-29', '09:00:00', 10, '16:00:00', '[0,0,0,0,0,0,0,0,0,0,0,0]', NULL),
(372, '5F', 'DISCUSSION ROOM 2', '2024-01-29', '07:00:00', 10, '19:00:00', '[0,0,0,0,0,0,0,0,0,0,0,0]', NULL),
(373, '5F', 'DISCUSSION ROOM 3', '2024-01-29', '08:00:00', 10, '21:00:00', '[0,0,0,0,0,0,0,0,0,0,0,0]', NULL),
(374, '5F', 'DISCUSSION ROOM 4', '2024-01-29', '08:00:00', 10, '18:00:00', '[0,0,0,0,0,0,0,0,0,0,0,0]', NULL),
(375, '5F', 'DISCUSSION ROOM 5', '2024-01-29', '08:00:00', 10, '18:00:00', '[0,0,0,0,0,0,0,0,0,0,0,0]', NULL),
(376, '7F', 'THEATER LOBBY', '2024-01-29', '08:00:00', 10, '18:00:00', '[0,0,0,0,0,0,0,0,0,0,0,0]', NULL),
(377, '3F', 'Test Room', '2024-01-29', '09:00:00', 10, '19:00:00', '[0,0,0,0,0,0,0,0,0,0,0,0]', NULL),
(378, '2F', 'Reading Room 7', '2024-01-29', '08:00:00', 10, '06:00:00', '[0,0,0,0,0,0,0,0,0,0,0,0]', NULL),
(379, '2F', 'Reading Room 7', '2024-01-29', '08:00:00', 10, '18:00:00', '[0,0,0,0,0,0,0,0,0,0,0,0]', NULL),
(380, '5f', 'Computer', '2024-01-29', '08:00:00', 0, '17:00:00', '[0,0,0,0,0,0,0,0,0,0,0,0]', NULL),
(381, '5f', 'Computer Area', '2024-01-29', '08:00:00', 0, '17:00:00', '[0,0,0,0,0,0,0,0,0,0,0,0]', NULL),
(382, '5F', 'DISCUSSION ROOM 1', '2024-01-31', '09:00:00', 10, '16:00:00', '[0,0,0,0,0,0,0,0,0,0,0,0]', NULL),
(383, '5F', 'DISCUSSION ROOM 2', '2024-01-31', '07:00:00', 10, '19:00:00', '[0,0,0,0,0,0,0,0,0,0,0,0]', NULL),
(384, '5F', 'DISCUSSION ROOM 3', '2024-01-31', '08:00:00', 10, '21:00:00', '[0,0,0,0,0,0,0,0,0,0,0,0]', NULL),
(385, '5F', 'DISCUSSION ROOM 4', '2024-01-31', '08:00:00', 10, '18:00:00', '[0,0,0,0,0,0,0,0,0,0,0,0]', NULL),
(386, '5F', 'DISCUSSION ROOM 5', '2024-01-31', '08:00:00', 10, '18:00:00', '[0,0,0,0,0,0,0,0,0,0,0,0]', NULL),
(387, '7F', 'THEATER LOBBY', '2024-01-31', '08:00:00', 10, '18:00:00', '[0,0,0,0,0,0,0,0,0,0,0,0]', NULL),
(388, '3F', 'Test Room', '2024-01-31', '09:00:00', 10, '19:00:00', '[0,0,0,0,0,0,0,0,0,0,0,0]', NULL),
(389, '2F', 'Reading Room 7', '2024-01-31', '08:00:00', 10, '06:00:00', '[0,0,0,0,0,0,0,0,0,0,0,0]', NULL),
(390, '2F', 'Reading Room 7', '2024-01-31', '08:00:00', 10, '18:00:00', '[0,0,0,0,0,0,0,0,0,0,0,0]', NULL),
(391, '5f', 'Computer', '2024-01-31', '08:00:00', 0, '17:00:00', '[0,0,0,0,0,0,0,0,0,0,0,0]', NULL),
(392, '5f', 'Computer Area', '2024-01-31', '08:00:00', 0, '17:00:00', '[0,0,0,0,0,0,0,0,0,0,0,0]', NULL),
(393, '5F', 'DISCUSSION ROOM 1', '2024-11-14', '09:00:00', 10, '16:00:00', '[0,0,0,0,0,0,0,0,0,0,0,0]', NULL),
(394, '5F', 'DISCUSSION ROOM 2', '2024-11-14', '07:00:00', 10, '19:00:00', '[0,0,0,0,0,0,0,0,0,0,0,0]', NULL),
(395, '5F', 'DISCUSSION ROOM 3', '2024-11-14', '08:00:00', 10, '21:00:00', '[0,0,0,0,0,0,0,0,0,0,0,0]', NULL),
(396, '5F', 'DISCUSSION ROOM 4', '2024-11-14', '08:00:00', 10, '18:00:00', '[0,0,0,0,0,0,0,0,0,0,0,0]', NULL),
(397, '5F', 'DISCUSSION ROOM 5', '2024-11-14', '08:00:00', 10, '18:00:00', '[0,0,0,0,0,0,0,0,0,0,0,0]', NULL),
(398, '7F', 'THEATER LOBBY', '2024-11-14', '08:00:00', 10, '18:00:00', '[0,0,0,0,0,0,0,0,0,0,0,0]', NULL),
(399, '3F', 'Test Room', '2024-11-14', '09:00:00', 10, '19:00:00', '[0,0,0,0,0,0,0,0,0,0,0,0]', NULL),
(400, '2F', 'Reading Room 7', '2024-11-14', '08:00:00', 10, '06:00:00', '[0,0,0,0,0,0,0,0,0,0,0,0]', NULL),
(401, '2F', 'Reading Room 7', '2024-11-14', '08:00:00', 10, '18:00:00', '[0,0,0,0,0,0,0,0,0,0,0,0]', NULL),
(402, '5f', 'Computer', '2024-11-14', '08:00:00', 0, '17:00:00', '[0,0,0,0,0,0,0,0,0,0,0,0]', NULL),
(403, '5f', 'Computer Area', '2024-11-14', '08:00:00', 0, '17:00:00', '[0,0,0,0,0,0,0,0,0,0,0,0]', NULL),
(404, '5F', 'DISCUSSION ROOM 1', '2024-11-15', '09:00:00', 10, '16:00:00', '[0,0,0,0,0,0,0,0,0,0,0,0]', NULL),
(405, '5F', 'DISCUSSION ROOM 2', '2024-11-15', '07:00:00', 10, '19:00:00', '[0,0,0,0,0,0,0,0,0,0,0,0]', NULL),
(406, '5F', 'DISCUSSION ROOM 3', '2024-11-15', '08:00:00', 10, '21:00:00', '[0,0,0,0,0,0,0,0,0,0,0,0]', NULL),
(407, '5F', 'DISCUSSION ROOM 4', '2024-11-15', '08:00:00', 10, '18:00:00', '[0,0,0,0,0,0,0,0,0,0,0,0]', NULL),
(408, '5F', 'DISCUSSION ROOM 5', '2024-11-15', '08:00:00', 10, '18:00:00', '[0,0,0,0,0,0,0,0,0,0,0,0]', NULL),
(409, '7F', 'THEATER LOBBY', '2024-11-15', '08:00:00', 10, '18:00:00', '[0,0,0,0,0,0,0,0,0,0,0,0]', NULL),
(410, '3F', 'Test Room', '2024-11-15', '09:00:00', 10, '19:00:00', '[0,0,0,0,0,0,0,0,0,0,0,0]', NULL),
(411, '2F', 'Reading Room 7', '2024-11-15', '08:00:00', 10, '06:00:00', '[0,0,0,0,0,0,0,0,0,0,0,0]', NULL),
(412, '2F', 'Reading Room 7', '2024-11-15', '08:00:00', 10, '18:00:00', '[0,0,0,0,0,0,0,0,0,0,0,0]', NULL),
(413, '5f', 'Computer', '2024-11-15', '08:00:00', 0, '17:00:00', '[0,0,0,0,0,0,0,0,0,0,0,0]', NULL),
(414, '5f', 'Computer Area', '2024-11-15', '08:00:00', 0, '17:00:00', '[0,0,0,0,0,0,0,0,0,0,0,0]', NULL),
(415, '5F', 'DISCUSSION ROOM 1', '2024-11-20', '09:00:00', 10, '16:00:00', '[0,0,0,0,0,0,0,0,0,0,0,0]', NULL),
(416, '5F', 'DISCUSSION ROOM 2', '2024-11-20', '07:00:00', 10, '19:00:00', '[0,0,0,0,0,0,0,0,0,0,0,0]', NULL),
(417, '5F', 'DISCUSSION ROOM 3', '2024-11-20', '08:00:00', 10, '21:00:00', '[0,0,0,0,0,0,0,0,0,0,0,0]', NULL),
(418, '5F', 'DISCUSSION ROOM 4', '2024-11-20', '08:00:00', 10, '18:00:00', '[0,0,0,0,0,0,0,0,0,0,0,0]', NULL),
(419, '5F', 'DISCUSSION ROOM 5', '2024-11-20', '08:00:00', 10, '18:00:00', '[0,0,0,0,0,0,0,0,0,0,0,0]', NULL),
(420, '7F', 'THEATER LOBBY', '2024-11-20', '08:00:00', 10, '18:00:00', '[0,0,0,0,0,0,0,0,0,0,0,0]', NULL),
(421, '3F', 'Test Room', '2024-11-20', '09:00:00', 10, '19:00:00', '[0,0,0,0,0,0,0,0,0,0,0,0]', NULL),
(422, '2F', 'Reading Room 7', '2024-11-20', '08:00:00', 10, '06:00:00', '[0,0,0,0,0,0,0,0,0,0,0,0]', NULL),
(423, '2F', 'Reading Room 7', '2024-11-20', '08:00:00', 10, '18:00:00', '[0,0,0,0,0,0,0,0,0,0,0,0]', NULL),
(424, '5f', 'Computer', '2024-11-20', '08:00:00', 0, '17:00:00', '[0,0,0,0,0,0,0,0,0,0,0,0]', NULL),
(425, '5f', 'Computer Area', '2024-11-20', '08:00:00', 0, '17:00:00', '[0,0,0,0,0,0,0,0,0,0,0,0]', NULL),
(426, '5F', 'DISCUSSION ROOM 1', '2024-11-21', '09:00:00', 10, '16:00:00', '[0,0,0,0,0,0,0,0,0,0,0,0]', NULL),
(427, '5F', 'DISCUSSION ROOM 2', '2024-11-21', '07:00:00', 10, '19:00:00', '[0,0,0,0,0,0,0,0,0,0,0,0]', NULL),
(428, '5F', 'DISCUSSION ROOM 3', '2024-11-21', '08:00:00', 10, '21:00:00', '[0,0,0,0,0,0,0,0,0,0,0,0]', NULL),
(429, '5F', 'DISCUSSION ROOM 4', '2024-11-21', '08:00:00', 10, '18:00:00', '[0,0,0,0,0,0,0,0,0,0,0,0]', NULL),
(430, '5F', 'DISCUSSION ROOM 5', '2024-11-21', '08:00:00', 10, '18:00:00', '[0,0,0,0,0,0,0,0,0,0,0,0]', NULL),
(431, '7F', 'THEATER LOBBY', '2024-11-21', '08:00:00', 10, '18:00:00', '[0,0,0,0,0,0,0,0,0,0,0,0]', NULL),
(432, '3F', 'Test Room', '2024-11-21', '09:00:00', 10, '19:00:00', '[0,0,0,0,0,0,0,0,0,0,0,0]', NULL),
(433, '2F', 'Reading Room 7', '2024-11-21', '08:00:00', 10, '06:00:00', '[0,0,0,0,0,0,0,0,0,0,0,0]', NULL),
(434, '2F', 'Reading Room 7', '2024-11-21', '08:00:00', 10, '18:00:00', '[0,0,0,0,0,0,0,0,0,0,0,0]', NULL),
(435, '5f', 'Computer', '2024-11-21', '08:00:00', 0, '17:00:00', '[0,0,0,0,0,0,0,0,0,0,0,0]', NULL),
(436, '5f', 'Computer Area', '2024-11-21', '08:00:00', 0, '17:00:00', '[0,0,0,0,0,0,0,0,0,0,0,0]', NULL),
(437, '5F', 'DISCUSSION ROOM 1', '2024-11-22', '09:00:00', 10, '16:00:00', '[0,0,0,0,0,0,0,0,0,0,0,0]', NULL),
(438, '5F', 'DISCUSSION ROOM 2', '2024-11-22', '07:00:00', 10, '19:00:00', '[0,0,0,0,0,0,0,0,0,0,0,0]', NULL),
(439, '5F', 'DISCUSSION ROOM 3', '2024-11-22', '08:00:00', 10, '21:00:00', '[0,0,0,0,0,0,0,0,0,0,0,0]', NULL),
(440, '5F', 'DISCUSSION ROOM 4', '2024-11-22', '08:00:00', 10, '18:00:00', '[0,0,0,0,0,0,0,0,0,0,0,0]', NULL),
(441, '5F', 'DISCUSSION ROOM 5', '2024-11-22', '08:00:00', 10, '18:00:00', '[0,0,0,0,0,0,0,0,0,0,0,0]', NULL),
(442, '7F', 'THEATER LOBBY', '2024-11-22', '08:00:00', 10, '18:00:00', '[0,0,0,0,0,0,0,0,0,0,0,0]', NULL),
(443, '3F', 'Test Room', '2024-11-22', '09:00:00', 10, '19:00:00', '[0,0,0,0,0,0,0,0,0,0,0,0]', NULL),
(444, '2F', 'Reading Room 7', '2024-11-22', '08:00:00', 10, '06:00:00', '[0,0,0,0,0,0,0,0,0,0,0,0]', NULL),
(445, '2F', 'Reading Room 7', '2024-11-22', '08:00:00', 10, '18:00:00', '[0,0,0,0,0,0,0,0,0,0,0,0]', NULL),
(446, '5f', 'Computer', '2024-11-22', '08:00:00', 0, '17:00:00', '[0,0,0,0,0,0,0,0,0,0,0,0]', NULL),
(447, '5f', 'Computer Area', '2024-11-22', '08:00:00', 0, '17:00:00', '[0,0,0,0,0,0,0,0,0,0,0,0]', NULL);

-- --------------------------------------------------------

--
-- Table structure for table `schedule`
--

CREATE TABLE `schedule` (
  `id` int(20) NOT NULL,
  `date` date NOT NULL,
  `title` varchar(50) NOT NULL,
  `category` varchar(10) NOT NULL
) ENGINE=InnoDB DEFAULT CHARSET=utf8mb4 COLLATE=utf8mb4_general_ci;

--
-- Dumping data for table `schedule`
--

INSERT INTO `schedule` (`id`, `date`, `title`, `category`) VALUES
(3, '2023-11-01', 'all saint day', 'close'),
(4, '2023-11-02', 'special day off', 'close'),
(5, '2023-11-03', 'special day open', 'open'),
(6, '2023-11-10', 'test', 'close'),
(7, '2023-11-11', 'abc', 'open'),
(12, '2023-12-13', 'TEST123', 'open');

-- --------------------------------------------------------

--
-- Table structure for table `sheet1`
--

CREATE TABLE `sheet1` (
  `first_name` varchar(11) DEFAULT NULL,
  `last_name` varchar(10) DEFAULT NULL,
  `middle_name` varchar(14) DEFAULT NULL,
  `srcode` varchar(13) DEFAULT NULL,
  `program` varchar(23) DEFAULT NULL,
  `rfid` varchar(8) DEFAULT NULL,
  `qrcode` varchar(8) DEFAULT NULL,
  `gender` varchar(6) DEFAULT NULL,
  `colleage` varchar(5) DEFAULT NULL
) ENGINE=InnoDB DEFAULT CHARSET=utf8 COLLATE=utf8_general_ci;

--
-- Dumping data for table `sheet1`
--

INSERT INTO `sheet1` (`first_name`, `last_name`, `middle_name`, `srcode`, `program`, `rfid`, `qrcode`, `gender`, `colleage`) VALUES
('Redwing', 'Besmonte', 'Butt Gow', 'ST-2023-00001', 'Psychology', 'YM43IP87', 'YM43IP87', 'Male', 'BULSU'),
('Reucastle', 'Cabacaba', 'Wharrier', 'ST-2023-00002', 'Marketing', 'AV93EJ82', 'AV93EJ82', 'Male', 'BULSU'),
('Abell', 'Simbulan', 'Crimmins', 'ST-2023-00003', 'Nursing', 'HF92WS43', 'HF92WS43', 'Male', 'BULSU'),
('Kenrick', 'Jotojot', 'Blaxley', 'ST-2023-00004', 'Nursing', 'KV63LJ41', 'KV63LJ41', 'Male', 'BULSU'),
('Pate', 'Pirote', 'Strettell', 'ST-2023-00005', 'Engineering', 'FQ08WA65', 'FQ08WA65', 'Male', 'BULSU'),
('Di Carlo', 'Baricuatro', 'Van Rembrandt', 'ST-2023-00006', 'Marketing', 'CQ90EE51', 'CQ90EE51', 'Male', 'BULSU'),
('Van Ross', 'Espenida', 'Wyldish', 'ST-2023-00007', 'Psychology', 'QQ61JX76', 'QQ61JX76', 'Male', 'BULSU'),
('Pollie', 'Bejino', 'Ranaghan', 'ST-2023-00008', 'Nursing', 'SS00DQ08', 'SS00DQ08', 'Male', 'BULSU'),
('Pavinese', 'Domingyaca', 'Colbridge', 'ST-2023-00009', 'Nursing', 'PC37XP83', 'PC37XP83', 'Male', 'BULSU'),
('Klulik', 'Elbat', 'Grob', 'ST-2023-00010', 'Graphic Design', 'KL38WI58', 'KL38WI58', 'Male', 'BULSU'),
('McGonigal', 'Aradilla', 'Gayforth', 'ST-2023-00011', 'Graphic Design', 'MA76QA54', 'MA76QA54', 'Male', 'BULSU'),
('Scargle', 'Catdula', 'Elfes', 'ST-2023-00012', 'Engineering', 'WG94FN96', 'WG94FN96', 'Female', 'BULSU'),
('Gaskell', 'De Chavez', 'Macguire', 'ST-2023-00013', 'Education', 'AX89WV35', 'AX89WV35', 'Female', 'BULSU'),
('Scini', 'Escalon', 'Minchinton', 'ST-2023-00014', 'Psychology', 'RK17LK51', 'RK17LK51', 'Male', 'BULSU'),
('Deeney', 'Daigdigan', 'Blench', 'ST-2023-00015', 'Culinary Arts', 'UB06ML51', 'UB06ML51', 'Female', 'BULSU'),
('Gatcliff', 'Dela Rosa', 'Lardeur', 'ST-2023-00016', 'Psychology', 'XE45HD19', 'XE45HD19', 'Male', 'BULSU'),
('Veck', 'Malsi', 'Emberton', 'ST-2023-00017', 'Graphic Design', 'QP40KJ69', 'QP40KJ69', 'Female', 'BULSU'),
('Candish', 'Montaray', 'Reijmers', 'ST-2023-00018', 'Engineering', 'JR46VN34', 'JR46VN34', 'Female', 'BULSU'),
('Seater', 'Moratalla', 'Bower', 'ST-2023-00019', 'Education', 'HH98DK25', 'HH98DK25', 'Female', 'BULSU'),
('Barnsley', 'Baduria', 'Tommeo', 'ST-2023-00020', 'Graphic Design', 'DU12XZ37', 'DU12XZ37', 'Male', 'BULSU'),
('Stephen', 'Mellican', 'Tomas', 'ST-2023-00021', 'Business Administration', 'HW20CG06', 'HW20CG06', 'Male', 'BULSU'),
('Ridges', 'Luzano', 'Fleeming', 'ST-2023-00022', 'Fashion Design', 'LG06RW66', 'LG06RW66', 'Male', 'BULSU'),
('Yurevich', 'Matias', 'Van der Kruijs', 'ST-2023-00023', 'Marketing', 'TR41NC88', 'TR41NC88', 'Female', 'BULSU'),
('Bartle', 'Mendoza', 'Maytum', 'ST-2023-00024', 'Culinary Arts', 'CQ91RE18', 'CQ91RE18', 'Female', 'BULSU'),
('Crewdson', 'De Guzman', 'Tewkesberry', 'ST-2023-00025', 'Graphic Design', 'UJ66VH60', 'UJ66VH60', 'Male', 'BULSU'),
('Xyto', 'Gonzales', 'Roo', 'ST-2023-00026', 'Fashion Design', 'HC94TW38', 'HC94TW38', 'Male', 'BULSU'),
('Ginnell', 'Canua', 'Kryszkiecicz', 'ST-2023-00027', 'Psychology', 'OY86KH45', 'OY86KH45', 'Female', 'BULSU'),
('Cubbino', 'Caballes', 'Robert', 'ST-2023-00028', 'Engineering', 'TS32UB15', 'TS32UB15', 'Male', 'BULSU'),
('Scole', 'Santos', 'Daelman', 'ST-2023-00029', 'Business Administration', 'VD54DR43', 'VD54DR43', 'Male', 'BULSU'),
('Brotherheed', 'Dela Cruz', 'Reiner', 'ST-2023-00030', 'Business Administration', 'GE05HE28', 'GE05HE28', 'Male', 'BULSU'),
('Sallier', 'Estocapio', 'Mesant', 'ST-2023-00031', 'Education', 'PV59ID62', 'PV59ID62', 'Male', 'BULSU'),
('Fallos', 'Gonzales', 'Smees', 'ST-2023-00032', 'Culinary Arts', 'WZ81OB02', 'WZ81OB02', 'Female', 'BULSU'),
('Brimmicombe', 'Manila', 'Edmott', 'ST-2023-00033', 'Business Administration', 'WY45EZ97', 'WY45EZ97', 'Female', 'BULSU'),
('Emberton', 'Lontes', 'Ovize', 'ST-2023-00034', 'Fashion Design', 'BF41YQ24', 'BF41YQ24', 'Male', 'BULSU'),
('Delong', 'Va-Ay', 'Gratton', 'ST-2023-00035', 'Education', 'NN33XF78', 'NN33XF78', 'Male', 'BULSU'),
('Luckie', 'Capuyan', 'Peter', 'ST-2023-00036', 'Business Administration', 'VU59LX97', 'VU59LX97', 'Female', 'BULSU'),
('Darren', 'Ramirez', 'Santos', 'ST-2023-00037', 'Psychology', 'LA01FJ04', 'LA01FJ04', 'Male', 'BULSU'),
('Gathercole', 'Valerio', 'Edinburough', 'ST-2023-00038', 'Marketing', 'RH36SK29', 'RH36SK29', 'Female', 'BULSU'),
('Westmerland', 'Larin', 'Denacamp', 'ST-2023-00039', 'Computer Science', 'XU40NW18', 'XU40NW18', 'Male', 'BULSU'),
('Yusupov', 'Anod', 'Ascraft', 'ST-2023-00040', 'Engineering', 'LB01CW04', 'LB01CW04', 'Male', 'BULSU'),
('Peevor', 'Clemente', 'Newman', 'ST-2023-00041', 'Fashion Design', 'RB11MA26', 'RB11MA26', 'Male', 'BULSU'),
('McCahey', 'Belleza', 'Minnock', 'ST-2023-00042', 'Culinary Arts', 'HB13GO42', 'HB13GO42', 'Male', 'BULSU'),
('Burdoun', 'Ricanor', 'Giorgietto', 'ST-2023-00043', 'Nursing', 'AV59FR43', 'AV59FR43', 'Male', 'BULSU'),
('Althea', 'Demoral', 'Tumulty', 'ST-2023-00044', 'Nursing', 'GC79VN68', 'GC79VN68', 'Female', 'BULSU'),
('MacMichael', 'Laguitao', 'MacNish', 'ST-2023-00045', 'Marketing', 'AI77BQ20', 'AI77BQ20', 'Female', 'BULSU'),
('Oliver', 'Angcot', 'Bassick', 'ST-2023-00046', 'Business Administration', 'WT49LT73', 'WT49LT73', 'Male', 'BULSU'),
('Buttner', 'Mustapha', 'Broggelli', 'ST-2023-00047', 'Education', 'TP19RJ35', 'TP19RJ35', 'Male', 'BULSU'),
('Hammerman', 'Organo', 'O\'Nions', 'ST-2023-00048', 'Psychology', 'UI38FK03', 'UI38FK03', 'Male', 'BULSU'),
('Brager', 'Turaray', 'Darell', 'ST-2023-00049', 'Computer Science', 'FH28AR29', 'FH28AR29', 'Female', 'BULSU'),
('Manach', 'Cos', 'Hatrick', 'ST-2023-00050', 'Business Administration', 'IZ02DJ78', 'IZ02DJ78', 'Female', 'BULSU'),
('Leheude', 'Dungca', 'Vanns', 'ST-2023-00051', 'Nursing', 'OR35NV90', 'OR35NV90', 'Male', 'BULSU'),
('Powter', 'Fernandez', 'Shewring', 'ST-2023-00052', 'Marketing', 'NS12DK35', 'NS12DK35', 'Male', 'BULSU'),
('Cabrer', 'Agustin', 'Furst', 'ST-2023-00053', 'Marketing', 'NE91AH52', 'NE91AH52', 'Female', 'BULSU'),
('Dabbs', 'Lucip', 'Olenov', 'ST-2023-00054', 'Graphic Design', 'TJ32EN49', 'TJ32EN49', 'Female', 'BULSU'),
('Currer', 'Maynagcot', 'Maker', 'ST-2023-00055', 'Nursing', 'YT48CI54', 'YT48CI54', 'Female', 'BULSU'),
('Emanson', 'Saturno', 'Rogister', 'ST-2023-00056', 'Computer Science', 'PT46UW42', 'PT46UW42', 'Male', 'BULSU'),
('Bee', 'Eguizabal', 'Rosone', 'ST-2023-00057', 'Marketing', 'KY45AW96', 'KY45AW96', 'Male', 'BULSU'),
('Barabich', 'Gallano', 'Milroy', 'ST-2023-00058', 'Computer Science', 'EO65ST03', 'EO65ST03', 'Female', 'BULSU'),
('Colbrun', 'Uy', 'Hawkslee', 'ST-2023-00059', 'Culinary Arts', 'DW15EG29', 'DW15EG29', 'Male', 'BULSU'),
('Daskiewicz', 'Calasig', 'Carruth', 'ST-2023-00060', 'Psychology', 'AO15CJ52', 'AO15CJ52', 'Female', 'BULSU'),
('Dooler', 'Canlas', 'Rissom', 'ST-2023-00061', 'Psychology', 'AQ43EQ18', 'AQ43EQ18', 'Male', 'BULSU'),
('Casarili', 'Estuesta', 'Scantlebury', 'ST-2023-00062', 'Graphic Design', 'AO46SR36', 'AO46SR36', 'Female', 'BULSU'),
('Struys', 'Sural', 'Plows', 'ST-2023-00063', 'Business Administration', 'VW97DT18', 'VW97DT18', 'Male', 'BULSU'),
('Heinschke', 'Bancifra', 'Burridge', 'ST-2023-00064', 'Business Administration', 'GL95NP00', 'GL95NP00', 'Male', 'BULSU'),
('Moore', 'Sta. Maria', 'Hackney', 'ST-2023-00065', 'Nursing', 'KS71AR58', 'KS71AR58', 'Male', 'BULSU'),
('Siflet', 'Cagasan', 'Yanshin', 'ST-2023-00066', 'Marketing', 'RF70SZ39', 'RF70SZ39', 'Female', 'BULSU'),
('Lambshine', 'De Paz', 'Myall', 'ST-2023-00067', 'Fashion Design', 'LV86DW54', 'LV86DW54', 'Female', 'BULSU'),
('Kristopher', 'De Leon', 'Panson', 'ST-2023-00068', 'Business Administration', 'TG04UJ96', 'TG04UJ96', 'Male', 'BULSU'),
('Hargie', 'Labajo', 'Girdler', 'ST-2023-00069', 'Psychology', 'TU41EC80', 'TU41EC80', 'Female', 'BULSU'),
('Lowfill', 'Sierra', 'Nerval', 'ST-2023-00070', 'Business Administration', 'EB00AT19', 'EB00AT19', 'Male', 'BULSU'),
('Pittford', 'Blacer', 'Bagnold', 'ST-2023-00071', 'Marketing', 'KV09ZV68', 'KV09ZV68', 'Male', 'BULSU'),
('Paulon', 'Lazarito', 'Yeabsley', 'ST-2023-00072', 'Business Administration', 'AO18EC46', 'AO18EC46', 'Female', 'BULSU'),
('Kilfedder', 'Tolosa', 'Scopham', 'ST-2023-00073', 'Computer Science', 'QP27TK71', 'QP27TK71', 'Male', 'BULSU'),
('Couvet', 'Millabas', 'Ackers', 'ST-2023-00074', 'Business Administration', 'KE23RV07', 'KE23RV07', 'Female', 'BULSU'),
('Ridsdale', 'Tolentino', 'Beton', 'ST-2023-00075', 'Graphic Design', 'WH97SP59', 'WH97SP59', 'Female', 'BULSU'),
('Prigmore', 'Domingo', 'Ladley', 'ST-2023-00076', 'Engineering', 'QS69UG99', 'QS69UG99', 'Female', 'BULSU'),
('Govier', 'Nabia', 'Tissington', 'ST-2023-00077', 'Marketing', 'DF63NE96', 'DF63NE96', 'Female', 'BULSU'),
('Duddan', 'Flor', 'Goodreid', 'ST-2023-00078', 'Psychology', 'LQ48IQ62', 'LQ48IQ62', 'Male', 'BULSU'),
('Mace', 'Binondo', 'Gemson', 'ST-2023-00079', 'Fashion Design', 'LD13WS81', 'LD13WS81', 'Male', 'BULSU'),
('Henaughan', 'Samillano', 'Sherwell', 'ST-2023-00080', 'Business Administration', 'YD72KL97', 'YD72KL97', 'Male', 'BULSU'),
('Backler', 'Gozarin', 'Littlefield', 'ST-2023-00081', 'Education', 'NN32BD28', 'NN32BD28', 'Male', 'BULSU'),
('Insole', 'Borja', 'Grissett', 'ST-2023-00082', 'Education', 'WA59TF77', 'WA59TF77', 'Male', 'BULSU'),
('Seckom', 'Caleja', 'Emlyn', 'ST-2023-00083', 'Business Administration', 'NJ96TF46', 'NJ96TF46', 'Male', 'BULSU'),
('Schermick', 'Macalalad', 'Kavanagh', 'ST-2023-00084', 'Computer Science', 'KC64EL82', 'KC64EL82', 'Male', 'BULSU'),
('Burrow', 'Dacanay', 'Stendell', 'ST-2023-00085', 'Marketing', 'UX26IC01', 'UX26IC01', 'Male', 'BULSU'),
('Creber', 'Cerado', 'Dabnor', 'ST-2023-00086', 'Computer Science', 'YA08CI50', 'YA08CI50', 'Male', 'BULSU'),
('Klaves', 'Avelino', 'Friend', 'ST-2023-00087', 'Education', 'KZ33ZD78', 'KZ33ZD78', 'Female', 'BULSU'),
('Korn', 'Dacanay', 'Sagrott', 'ST-2023-00088', 'Graphic Design', 'XP81XL11', 'XP81XL11', 'Male', 'BULSU'),
('Dianne', 'James', 'Smith', 'ST-2023-00089', 'Fashion Design', 'XG81EQ31', 'XG81EQ31', 'Female', 'BULSU'),
('Halkyard', 'Sanchez', 'Stutt', 'ST-2023-00090', 'Education', 'JS37ZD32', 'JS37ZD32', 'Male', 'BULSU'),
('Tarbin', 'Lopres', 'Allsworth', 'ST-2023-00091', 'Computer Science', 'EB46OZ91', 'EB46OZ91', 'Male', 'BULSU'),
('Faughnan', 'Timtiman', 'Zuan', 'ST-2023-00092', 'Marketing', 'QN23MX85', 'QN23MX85', 'Male', 'BULSU'),
('Klare', 'Alcantara', 'Westcott', 'ST-2023-00093', 'Education', 'RC25OP04', 'RC25OP04', 'Female', 'BULSU'),
('Rainey', 'Aldea', 'Tabram', 'ST-2023-00094', 'Psychology', 'SO68CS81', 'SO68CS81', 'Female', 'BULSU'),
('Shilladay', 'Cortez', 'Drepp', 'ST-2023-00095', 'Psychology', 'KZ16PL42', 'KZ16PL42', 'Male', 'BULSU'),
('Bretherick', 'Diaz', 'Williams', 'ST-2023-00096', 'Business Administration', 'RX28KD86', 'RX28KD86', 'Male', 'BULSU'),
('Sherlyn', 'Dioquino', 'Witt', 'ST-2023-00097', 'Culinary Arts', 'TE82PD65', 'TE82PD65', 'Female', 'BULSU'),
('Angela', 'Smith', 'Depp', 'ST-2023-00098', 'Engineering', 'BF71BH29', 'BF71BH29', 'Female', 'BULSU'),
('Tilby', 'Te', 'Johnes', 'ST-2023-00099', 'Business Administration', 'LE37BQ04', 'LE37BQ04', 'Female', 'BULSU'),
('Zyne', 'Ducos', 'Gosse', 'ST-2023-00100', 'Engineering', 'UV70VT24', 'UV70VT24', 'Male', 'BULSU'),
(NULL, NULL, NULL, NULL, NULL, NULL, NULL, NULL, NULL),
('Redwing', 'Besmonte', 'Butt Gow', 'ST-2023-00001', 'Psychology', 'YM43IP87', 'YM43IP87', 'Male', 'BULSU'),
('Reucastle', 'Cabacaba', 'Wharrier', 'ST-2023-00002', 'Marketing', 'AV93EJ82', 'AV93EJ82', 'Male', 'BULSU'),
('Abell', 'Simbulan', 'Crimmins', 'ST-2023-00003', 'Nursing', 'HF92WS43', 'HF92WS43', 'Male', 'BULSU'),
('Kenrick', 'Jotojot', 'Blaxley', 'ST-2023-00004', 'Nursing', 'KV63LJ41', 'KV63LJ41', 'Male', 'BULSU'),
('Pate', 'Pirote', 'Strettell', 'ST-2023-00005', 'Engineering', 'FQ08WA65', 'FQ08WA65', 'Male', 'BULSU'),
('Di Carlo', 'Baricuatro', 'Van Rembrandt', 'ST-2023-00006', 'Marketing', 'CQ90EE51', 'CQ90EE51', 'Male', 'BULSU'),
('Van Ross', 'Espenida', 'Wyldish', 'ST-2023-00007', 'Psychology', 'QQ61JX76', 'QQ61JX76', 'Male', 'BULSU'),
('Pollie', 'Bejino', 'Ranaghan', 'ST-2023-00008', 'Nursing', 'SS00DQ08', 'SS00DQ08', 'Male', 'BULSU'),
('Pavinese', 'Domingyaca', 'Colbridge', 'ST-2023-00009', 'Nursing', 'PC37XP83', 'PC37XP83', 'Male', 'BULSU'),
('Klulik', 'Elbat', 'Grob', 'ST-2023-00010', 'Graphic Design', 'KL38WI58', 'KL38WI58', 'Male', 'BULSU'),
('McGonigal', 'Aradilla', 'Gayforth', 'ST-2023-00011', 'Graphic Design', 'MA76QA54', 'MA76QA54', 'Male', 'BULSU'),
('Scargle', 'Catdula', 'Elfes', 'ST-2023-00012', 'Engineering', 'WG94FN96', 'WG94FN96', 'Female', 'BULSU'),
('Gaskell', 'De Chavez', 'Macguire', 'ST-2023-00013', 'Education', 'AX89WV35', 'AX89WV35', 'Female', 'BULSU'),
('Scini', 'Escalon', 'Minchinton', 'ST-2023-00014', 'Psychology', 'RK17LK51', 'RK17LK51', 'Male', 'BULSU'),
('Deeney', 'Daigdigan', 'Blench', 'ST-2023-00015', 'Culinary Arts', 'UB06ML51', 'UB06ML51', 'Female', 'BULSU'),
('Gatcliff', 'Dela Rosa', 'Lardeur', 'ST-2023-00016', 'Psychology', 'XE45HD19', 'XE45HD19', 'Male', 'BULSU'),
('Veck', 'Malsi', 'Emberton', 'ST-2023-00017', 'Graphic Design', 'QP40KJ69', 'QP40KJ69', 'Female', 'BULSU'),
('Candish', 'Montaray', 'Reijmers', 'ST-2023-00018', 'Engineering', 'JR46VN34', 'JR46VN34', 'Female', 'BULSU'),
('Seater', 'Moratalla', 'Bower', 'ST-2023-00019', 'Education', 'HH98DK25', 'HH98DK25', 'Female', 'BULSU'),
('Barnsley', 'Baduria', 'Tommeo', 'ST-2023-00020', 'Graphic Design', 'DU12XZ37', 'DU12XZ37', 'Male', 'BULSU'),
('Stephen', 'Mellican', 'Tomas', 'ST-2023-00021', 'Business Administration', 'HW20CG06', 'HW20CG06', 'Male', 'BULSU'),
('Ridges', 'Luzano', 'Fleeming', 'ST-2023-00022', 'Fashion Design', 'LG06RW66', 'LG06RW66', 'Male', 'BULSU'),
('Yurevich', 'Matias', 'Van der Kruijs', 'ST-2023-00023', 'Marketing', 'TR41NC88', 'TR41NC88', 'Female', 'BULSU'),
('Bartle', 'Mendoza', 'Maytum', 'ST-2023-00024', 'Culinary Arts', 'CQ91RE18', 'CQ91RE18', 'Female', 'BULSU'),
('Crewdson', 'De Guzman', 'Tewkesberry', 'ST-2023-00025', 'Graphic Design', 'UJ66VH60', 'UJ66VH60', 'Male', 'BULSU'),
('Xyto', 'Gonzales', 'Roo', 'ST-2023-00026', 'Fashion Design', 'HC94TW38', 'HC94TW38', 'Male', 'BULSU'),
('Ginnell', 'Canua', 'Kryszkiecicz', 'ST-2023-00027', 'Psychology', 'OY86KH45', 'OY86KH45', 'Female', 'BULSU'),
('Cubbino', 'Caballes', 'Robert', 'ST-2023-00028', 'Engineering', 'TS32UB15', 'TS32UB15', 'Male', 'BULSU'),
('Scole', 'Santos', 'Daelman', 'ST-2023-00029', 'Business Administration', 'VD54DR43', 'VD54DR43', 'Male', 'BULSU'),
('Brotherheed', 'Dela Cruz', 'Reiner', 'ST-2023-00030', 'Business Administration', 'GE05HE28', 'GE05HE28', 'Male', 'BULSU'),
('Sallier', 'Estocapio', 'Mesant', 'ST-2023-00031', 'Education', 'PV59ID62', 'PV59ID62', 'Male', 'BULSU'),
('Fallos', 'Gonzales', 'Smees', 'ST-2023-00032', 'Culinary Arts', 'WZ81OB02', 'WZ81OB02', 'Female', 'BULSU'),
('Brimmicombe', 'Manila', 'Edmott', 'ST-2023-00033', 'Business Administration', 'WY45EZ97', 'WY45EZ97', 'Female', 'BULSU'),
('Emberton', 'Lontes', 'Ovize', 'ST-2023-00034', 'Fashion Design', 'BF41YQ24', 'BF41YQ24', 'Male', 'BULSU'),
('Delong', 'Va-Ay', 'Gratton', 'ST-2023-00035', 'Education', 'NN33XF78', 'NN33XF78', 'Male', 'BULSU'),
('Luckie', 'Capuyan', 'Peter', 'ST-2023-00036', 'Business Administration', 'VU59LX97', 'VU59LX97', 'Female', 'BULSU'),
('Darren', 'Ramirez', 'Santos', 'ST-2023-00037', 'Psychology', 'LA01FJ04', 'LA01FJ04', 'Male', 'BULSU'),
('Gathercole', 'Valerio', 'Edinburough', 'ST-2023-00038', 'Marketing', 'RH36SK29', 'RH36SK29', 'Female', 'BULSU'),
('Westmerland', 'Larin', 'Denacamp', 'ST-2023-00039', 'Computer Science', 'XU40NW18', 'XU40NW18', 'Male', 'BULSU'),
('Yusupov', 'Anod', 'Ascraft', 'ST-2023-00040', 'Engineering', 'LB01CW04', 'LB01CW04', 'Male', 'BULSU'),
('Peevor', 'Clemente', 'Newman', 'ST-2023-00041', 'Fashion Design', 'RB11MA26', 'RB11MA26', 'Male', 'BULSU'),
('McCahey', 'Belleza', 'Minnock', 'ST-2023-00042', 'Culinary Arts', 'HB13GO42', 'HB13GO42', 'Male', 'BULSU'),
('Burdoun', 'Ricanor', 'Giorgietto', 'ST-2023-00043', 'Nursing', 'AV59FR43', 'AV59FR43', 'Male', 'BULSU'),
('Althea', 'Demoral', 'Tumulty', 'ST-2023-00044', 'Nursing', 'GC79VN68', 'GC79VN68', 'Female', 'BULSU'),
('MacMichael', 'Laguitao', 'MacNish', 'ST-2023-00045', 'Marketing', 'AI77BQ20', 'AI77BQ20', 'Female', 'BULSU'),
('Oliver', 'Angcot', 'Bassick', 'ST-2023-00046', 'Business Administration', 'WT49LT73', 'WT49LT73', 'Male', 'BULSU'),
('Buttner', 'Mustapha', 'Broggelli', 'ST-2023-00047', 'Education', 'TP19RJ35', 'TP19RJ35', 'Male', 'BULSU'),
('Hammerman', 'Organo', 'O\'Nions', 'ST-2023-00048', 'Psychology', 'UI38FK03', 'UI38FK03', 'Male', 'BULSU'),
('Brager', 'Turaray', 'Darell', 'ST-2023-00049', 'Computer Science', 'FH28AR29', 'FH28AR29', 'Female', 'BULSU'),
('Manach', 'Cos', 'Hatrick', 'ST-2023-00050', 'Business Administration', 'IZ02DJ78', 'IZ02DJ78', 'Female', 'BULSU'),
('Leheude', 'Dungca', 'Vanns', 'ST-2023-00051', 'Nursing', 'OR35NV90', 'OR35NV90', 'Male', 'BULSU'),
('Powter', 'Fernandez', 'Shewring', 'ST-2023-00052', 'Marketing', 'NS12DK35', 'NS12DK35', 'Male', 'BULSU'),
('Cabrer', 'Agustin', 'Furst', 'ST-2023-00053', 'Marketing', 'NE91AH52', 'NE91AH52', 'Female', 'BULSU'),
('Dabbs', 'Lucip', 'Olenov', 'ST-2023-00054', 'Graphic Design', 'TJ32EN49', 'TJ32EN49', 'Female', 'BULSU'),
('Currer', 'Maynagcot', 'Maker', 'ST-2023-00055', 'Nursing', 'YT48CI54', 'YT48CI54', 'Female', 'BULSU'),
('Emanson', 'Saturno', 'Rogister', 'ST-2023-00056', 'Computer Science', 'PT46UW42', 'PT46UW42', 'Male', 'BULSU'),
('Bee', 'Eguizabal', 'Rosone', 'ST-2023-00057', 'Marketing', 'KY45AW96', 'KY45AW96', 'Male', 'BULSU'),
('Barabich', 'Gallano', 'Milroy', 'ST-2023-00058', 'Computer Science', 'EO65ST03', 'EO65ST03', 'Female', 'BULSU'),
('Colbrun', 'Uy', 'Hawkslee', 'ST-2023-00059', 'Culinary Arts', 'DW15EG29', 'DW15EG29', 'Male', 'BULSU'),
('Daskiewicz', 'Calasig', 'Carruth', 'ST-2023-00060', 'Psychology', 'AO15CJ52', 'AO15CJ52', 'Female', 'BULSU'),
('Dooler', 'Canlas', 'Rissom', 'ST-2023-00061', 'Psychology', 'AQ43EQ18', 'AQ43EQ18', 'Male', 'BULSU'),
('Casarili', 'Estuesta', 'Scantlebury', 'ST-2023-00062', 'Graphic Design', 'AO46SR36', 'AO46SR36', 'Female', 'BULSU'),
('Struys', 'Sural', 'Plows', 'ST-2023-00063', 'Business Administration', 'VW97DT18', 'VW97DT18', 'Male', 'BULSU'),
('Heinschke', 'Bancifra', 'Burridge', 'ST-2023-00064', 'Business Administration', 'GL95NP00', 'GL95NP00', 'Male', 'BULSU'),
('Moore', 'Sta. Maria', 'Hackney', 'ST-2023-00065', 'Nursing', 'KS71AR58', 'KS71AR58', 'Male', 'BULSU'),
('Siflet', 'Cagasan', 'Yanshin', 'ST-2023-00066', 'Marketing', 'RF70SZ39', 'RF70SZ39', 'Female', 'BULSU'),
('Lambshine', 'De Paz', 'Myall', 'ST-2023-00067', 'Fashion Design', 'LV86DW54', 'LV86DW54', 'Female', 'BULSU'),
('Kristopher', 'De Leon', 'Panson', 'ST-2023-00068', 'Business Administration', 'TG04UJ96', 'TG04UJ96', 'Male', 'BULSU'),
('Hargie', 'Labajo', 'Girdler', 'ST-2023-00069', 'Psychology', 'TU41EC80', 'TU41EC80', 'Female', 'BULSU'),
('Lowfill', 'Sierra', 'Nerval', 'ST-2023-00070', 'Business Administration', 'EB00AT19', 'EB00AT19', 'Male', 'BULSU'),
('Pittford', 'Blacer', 'Bagnold', 'ST-2023-00071', 'Marketing', 'KV09ZV68', 'KV09ZV68', 'Male', 'BULSU'),
('Paulon', 'Lazarito', 'Yeabsley', 'ST-2023-00072', 'Business Administration', 'AO18EC46', 'AO18EC46', 'Female', 'BULSU'),
('Kilfedder', 'Tolosa', 'Scopham', 'ST-2023-00073', 'Computer Science', 'QP27TK71', 'QP27TK71', 'Male', 'BULSU'),
('Couvet', 'Millabas', 'Ackers', 'ST-2023-00074', 'Business Administration', 'KE23RV07', 'KE23RV07', 'Female', 'BULSU'),
('Ridsdale', 'Tolentino', 'Beton', 'ST-2023-00075', 'Graphic Design', 'WH97SP59', 'WH97SP59', 'Female', 'BULSU'),
('Prigmore', 'Domingo', 'Ladley', 'ST-2023-00076', 'Engineering', 'QS69UG99', 'QS69UG99', 'Female', 'BULSU'),
('Govier', 'Nabia', 'Tissington', 'ST-2023-00077', 'Marketing', 'DF63NE96', 'DF63NE96', 'Female', 'BULSU'),
('Duddan', 'Flor', 'Goodreid', 'ST-2023-00078', 'Psychology', 'LQ48IQ62', 'LQ48IQ62', 'Male', 'BULSU'),
('Mace', 'Binondo', 'Gemson', 'ST-2023-00079', 'Fashion Design', 'LD13WS81', 'LD13WS81', 'Male', 'BULSU'),
('Henaughan', 'Samillano', 'Sherwell', 'ST-2023-00080', 'Business Administration', 'YD72KL97', 'YD72KL97', 'Male', 'BULSU'),
('Backler', 'Gozarin', 'Littlefield', 'ST-2023-00081', 'Education', 'NN32BD28', 'NN32BD28', 'Male', 'BULSU'),
('Insole', 'Borja', 'Grissett', 'ST-2023-00082', 'Education', 'WA59TF77', 'WA59TF77', 'Male', 'BULSU'),
('Seckom', 'Caleja', 'Emlyn', 'ST-2023-00083', 'Business Administration', 'NJ96TF46', 'NJ96TF46', 'Male', 'BULSU'),
('Schermick', 'Macalalad', 'Kavanagh', 'ST-2023-00084', 'Computer Science', 'KC64EL82', 'KC64EL82', 'Male', 'BULSU'),
('Burrow', 'Dacanay', 'Stendell', 'ST-2023-00085', 'Marketing', 'UX26IC01', 'UX26IC01', 'Male', 'BULSU'),
('Creber', 'Cerado', 'Dabnor', 'ST-2023-00086', 'Computer Science', 'YA08CI50', 'YA08CI50', 'Male', 'BULSU'),
('Klaves', 'Avelino', 'Friend', 'ST-2023-00087', 'Education', 'KZ33ZD78', 'KZ33ZD78', 'Female', 'BULSU'),
('Korn', 'Dacanay', 'Sagrott', 'ST-2023-00088', 'Graphic Design', 'XP81XL11', 'XP81XL11', 'Male', 'BULSU'),
('Dianne', 'James', 'Smith', 'ST-2023-00089', 'Fashion Design', 'XG81EQ31', 'XG81EQ31', 'Female', 'BULSU'),
('Halkyard', 'Sanchez', 'Stutt', 'ST-2023-00090', 'Education', 'JS37ZD32', 'JS37ZD32', 'Male', 'BULSU'),
('Tarbin', 'Lopres', 'Allsworth', 'ST-2023-00091', 'Computer Science', 'EB46OZ91', 'EB46OZ91', 'Male', 'BULSU'),
('Faughnan', 'Timtiman', 'Zuan', 'ST-2023-00092', 'Marketing', 'QN23MX85', 'QN23MX85', 'Male', 'BULSU'),
('Klare', 'Alcantara', 'Westcott', 'ST-2023-00093', 'Education', 'RC25OP04', 'RC25OP04', 'Female', 'BULSU'),
('Rainey', 'Aldea', 'Tabram', 'ST-2023-00094', 'Psychology', 'SO68CS81', 'SO68CS81', 'Female', 'BULSU'),
('Shilladay', 'Cortez', 'Drepp', 'ST-2023-00095', 'Psychology', 'KZ16PL42', 'KZ16PL42', 'Male', 'BULSU'),
('Bretherick', 'Diaz', 'Williams', 'ST-2023-00096', 'Business Administration', 'RX28KD86', 'RX28KD86', 'Male', 'BULSU'),
('Sherlyn', 'Dioquino', 'Witt', 'ST-2023-00097', 'Culinary Arts', 'TE82PD65', 'TE82PD65', 'Female', 'BULSU'),
('Angela', 'Smith', 'Depp', 'ST-2023-00098', 'Engineering', 'BF71BH29', 'BF71BH29', 'Female', 'BULSU'),
('Tilby', 'Te', 'Johnes', 'ST-2023-00099', 'Business Administration', 'LE37BQ04', 'LE37BQ04', 'Female', 'BULSU'),
('Zyne', 'Ducos', 'Gosse', 'ST-2023-00100', 'Engineering', 'UV70VT24', 'UV70VT24', 'Male', 'BULSU'),
('Redwing', 'Besmonte', 'Butt Gow', 'ST-2023-00001', 'Psychology', 'YM43IP87', 'YM43IP87', 'Male', 'BULSU'),
('Reucastle', 'Cabacaba', 'Wharrier', 'ST-2023-00002', 'Marketing', 'AV93EJ82', 'AV93EJ82', 'Male', 'BULSU'),
('Abell', 'Simbulan', 'Crimmins', 'ST-2023-00003', 'Nursing', 'HF92WS43', 'HF92WS43', 'Male', 'BULSU'),
('Kenrick', 'Jotojot', 'Blaxley', 'ST-2023-00004', 'Nursing', 'KV63LJ41', 'KV63LJ41', 'Male', 'BULSU'),
('Pate', 'Pirote', 'Strettell', 'ST-2023-00005', 'Engineering', 'FQ08WA65', 'FQ08WA65', 'Male', 'BULSU'),
('Di Carlo', 'Baricuatro', 'Van Rembrandt', 'ST-2023-00006', 'Marketing', 'CQ90EE51', 'CQ90EE51', 'Male', 'BULSU'),
('Van Ross', 'Espenida', 'Wyldish', 'ST-2023-00007', 'Psychology', 'QQ61JX76', 'QQ61JX76', 'Male', 'BULSU'),
('Pollie', 'Bejino', 'Ranaghan', 'ST-2023-00008', 'Nursing', 'SS00DQ08', 'SS00DQ08', 'Male', 'BULSU'),
('Pavinese', 'Domingyaca', 'Colbridge', 'ST-2023-00009', 'Nursing', 'PC37XP83', 'PC37XP83', 'Male', 'BULSU'),
('Klulik', 'Elbat', 'Grob', 'ST-2023-00010', 'Graphic Design', 'KL38WI58', 'KL38WI58', 'Male', 'BULSU'),
('McGonigal', 'Aradilla', 'Gayforth', 'ST-2023-00011', 'Graphic Design', 'MA76QA54', 'MA76QA54', 'Male', 'BULSU'),
('Scargle', 'Catdula', 'Elfes', 'ST-2023-00012', 'Engineering', 'WG94FN96', 'WG94FN96', 'Female', 'BULSU'),
('Gaskell', 'De Chavez', 'Macguire', 'ST-2023-00013', 'Education', 'AX89WV35', 'AX89WV35', 'Female', 'BULSU'),
('Scini', 'Escalon', 'Minchinton', 'ST-2023-00014', 'Psychology', 'RK17LK51', 'RK17LK51', 'Male', 'BULSU'),
('Deeney', 'Daigdigan', 'Blench', 'ST-2023-00015', 'Culinary Arts', 'UB06ML51', 'UB06ML51', 'Female', 'BULSU'),
('Gatcliff', 'Dela Rosa', 'Lardeur', 'ST-2023-00016', 'Psychology', 'XE45HD19', 'XE45HD19', 'Male', 'BULSU'),
('Veck', 'Malsi', 'Emberton', 'ST-2023-00017', 'Graphic Design', 'QP40KJ69', 'QP40KJ69', 'Female', 'BULSU'),
('Candish', 'Montaray', 'Reijmers', 'ST-2023-00018', 'Engineering', 'JR46VN34', 'JR46VN34', 'Female', 'BULSU'),
('Seater', 'Moratalla', 'Bower', 'ST-2023-00019', 'Education', 'HH98DK25', 'HH98DK25', 'Female', 'BULSU'),
('Barnsley', 'Baduria', 'Tommeo', 'ST-2023-00020', 'Graphic Design', 'DU12XZ37', 'DU12XZ37', 'Male', 'BULSU'),
('Stephen', 'Mellican', 'Tomas', 'ST-2023-00021', 'Business Administration', 'HW20CG06', 'HW20CG06', 'Male', 'BULSU'),
('Ridges', 'Luzano', 'Fleeming', 'ST-2023-00022', 'Fashion Design', 'LG06RW66', 'LG06RW66', 'Male', 'BULSU'),
('Yurevich', 'Matias', 'Van der Kruijs', 'ST-2023-00023', 'Marketing', 'TR41NC88', 'TR41NC88', 'Female', 'BULSU'),
('Bartle', 'Mendoza', 'Maytum', 'ST-2023-00024', 'Culinary Arts', 'CQ91RE18', 'CQ91RE18', 'Female', 'BULSU'),
('Crewdson', 'De Guzman', 'Tewkesberry', 'ST-2023-00025', 'Graphic Design', 'UJ66VH60', 'UJ66VH60', 'Male', 'BULSU'),
('Xyto', 'Gonzales', 'Roo', 'ST-2023-00026', 'Fashion Design', 'HC94TW38', 'HC94TW38', 'Male', 'BULSU'),
('Ginnell', 'Canua', 'Kryszkiecicz', 'ST-2023-00027', 'Psychology', 'OY86KH45', 'OY86KH45', 'Female', 'BULSU'),
('Cubbino', 'Caballes', 'Robert', 'ST-2023-00028', 'Engineering', 'TS32UB15', 'TS32UB15', 'Male', 'BULSU'),
('Scole', 'Santos', 'Daelman', 'ST-2023-00029', 'Business Administration', 'VD54DR43', 'VD54DR43', 'Male', 'BULSU'),
('Brotherheed', 'Dela Cruz', 'Reiner', 'ST-2023-00030', 'Business Administration', 'GE05HE28', 'GE05HE28', 'Male', 'BULSU'),
('Sallier', 'Estocapio', 'Mesant', 'ST-2023-00031', 'Education', 'PV59ID62', 'PV59ID62', 'Male', 'BULSU'),
('Fallos', 'Gonzales', 'Smees', 'ST-2023-00032', 'Culinary Arts', 'WZ81OB02', 'WZ81OB02', 'Female', 'BULSU'),
('Brimmicombe', 'Manila', 'Edmott', 'ST-2023-00033', 'Business Administration', 'WY45EZ97', 'WY45EZ97', 'Female', 'BULSU'),
('Emberton', 'Lontes', 'Ovize', 'ST-2023-00034', 'Fashion Design', 'BF41YQ24', 'BF41YQ24', 'Male', 'BULSU'),
('Delong', 'Va-Ay', 'Gratton', 'ST-2023-00035', 'Education', 'NN33XF78', 'NN33XF78', 'Male', 'BULSU'),
('Luckie', 'Capuyan', 'Peter', 'ST-2023-00036', 'Business Administration', 'VU59LX97', 'VU59LX97', 'Female', 'BULSU'),
('Darren', 'Ramirez', 'Santos', 'ST-2023-00037', 'Psychology', 'LA01FJ04', 'LA01FJ04', 'Male', 'BULSU'),
('Gathercole', 'Valerio', 'Edinburough', 'ST-2023-00038', 'Marketing', 'RH36SK29', 'RH36SK29', 'Female', 'BULSU'),
('Westmerland', 'Larin', 'Denacamp', 'ST-2023-00039', 'Computer Science', 'XU40NW18', 'XU40NW18', 'Male', 'BULSU'),
('Yusupov', 'Anod', 'Ascraft', 'ST-2023-00040', 'Engineering', 'LB01CW04', 'LB01CW04', 'Male', 'BULSU'),
('Peevor', 'Clemente', 'Newman', 'ST-2023-00041', 'Fashion Design', 'RB11MA26', 'RB11MA26', 'Male', 'BULSU'),
('McCahey', 'Belleza', 'Minnock', 'ST-2023-00042', 'Culinary Arts', 'HB13GO42', 'HB13GO42', 'Male', 'BULSU'),
('Burdoun', 'Ricanor', 'Giorgietto', 'ST-2023-00043', 'Nursing', 'AV59FR43', 'AV59FR43', 'Male', 'BULSU'),
('Althea', 'Demoral', 'Tumulty', 'ST-2023-00044', 'Nursing', 'GC79VN68', 'GC79VN68', 'Female', 'BULSU'),
('MacMichael', 'Laguitao', 'MacNish', 'ST-2023-00045', 'Marketing', 'AI77BQ20', 'AI77BQ20', 'Female', 'BULSU'),
('Oliver', 'Angcot', 'Bassick', 'ST-2023-00046', 'Business Administration', 'WT49LT73', 'WT49LT73', 'Male', 'BULSU'),
('Buttner', 'Mustapha', 'Broggelli', 'ST-2023-00047', 'Education', 'TP19RJ35', 'TP19RJ35', 'Male', 'BULSU'),
('Hammerman', 'Organo', 'O\'Nions', 'ST-2023-00048', 'Psychology', 'UI38FK03', 'UI38FK03', 'Male', 'BULSU'),
('Brager', 'Turaray', 'Darell', 'ST-2023-00049', 'Computer Science', 'FH28AR29', 'FH28AR29', 'Female', 'BULSU'),
('Manach', 'Cos', 'Hatrick', 'ST-2023-00050', 'Business Administration', 'IZ02DJ78', 'IZ02DJ78', 'Female', 'BULSU'),
('Leheude', 'Dungca', 'Vanns', 'ST-2023-00051', 'Nursing', 'OR35NV90', 'OR35NV90', 'Male', 'BULSU'),
('Powter', 'Fernandez', 'Shewring', 'ST-2023-00052', 'Marketing', 'NS12DK35', 'NS12DK35', 'Male', 'BULSU'),
('Cabrer', 'Agustin', 'Furst', 'ST-2023-00053', 'Marketing', 'NE91AH52', 'NE91AH52', 'Female', 'BULSU'),
('Dabbs', 'Lucip', 'Olenov', 'ST-2023-00054', 'Graphic Design', 'TJ32EN49', 'TJ32EN49', 'Female', 'BULSU'),
('Currer', 'Maynagcot', 'Maker', 'ST-2023-00055', 'Nursing', 'YT48CI54', 'YT48CI54', 'Female', 'BULSU'),
('Emanson', 'Saturno', 'Rogister', 'ST-2023-00056', 'Computer Science', 'PT46UW42', 'PT46UW42', 'Male', 'BULSU'),
('Bee', 'Eguizabal', 'Rosone', 'ST-2023-00057', 'Marketing', 'KY45AW96', 'KY45AW96', 'Male', 'BULSU'),
('Barabich', 'Gallano', 'Milroy', 'ST-2023-00058', 'Computer Science', 'EO65ST03', 'EO65ST03', 'Female', 'BULSU'),
('Colbrun', 'Uy', 'Hawkslee', 'ST-2023-00059', 'Culinary Arts', 'DW15EG29', 'DW15EG29', 'Male', 'BULSU'),
('Daskiewicz', 'Calasig', 'Carruth', 'ST-2023-00060', 'Psychology', 'AO15CJ52', 'AO15CJ52', 'Female', 'BULSU'),
('Dooler', 'Canlas', 'Rissom', 'ST-2023-00061', 'Psychology', 'AQ43EQ18', 'AQ43EQ18', 'Male', 'BULSU'),
('Casarili', 'Estuesta', 'Scantlebury', 'ST-2023-00062', 'Graphic Design', 'AO46SR36', 'AO46SR36', 'Female', 'BULSU'),
('Struys', 'Sural', 'Plows', 'ST-2023-00063', 'Business Administration', 'VW97DT18', 'VW97DT18', 'Male', 'BULSU'),
('Heinschke', 'Bancifra', 'Burridge', 'ST-2023-00064', 'Business Administration', 'GL95NP00', 'GL95NP00', 'Male', 'BULSU'),
('Moore', 'Sta. Maria', 'Hackney', 'ST-2023-00065', 'Nursing', 'KS71AR58', 'KS71AR58', 'Male', 'BULSU'),
('Siflet', 'Cagasan', 'Yanshin', 'ST-2023-00066', 'Marketing', 'RF70SZ39', 'RF70SZ39', 'Female', 'BULSU'),
('Lambshine', 'De Paz', 'Myall', 'ST-2023-00067', 'Fashion Design', 'LV86DW54', 'LV86DW54', 'Female', 'BULSU'),
('Kristopher', 'De Leon', 'Panson', 'ST-2023-00068', 'Business Administration', 'TG04UJ96', 'TG04UJ96', 'Male', 'BULSU'),
('Hargie', 'Labajo', 'Girdler', 'ST-2023-00069', 'Psychology', 'TU41EC80', 'TU41EC80', 'Female', 'BULSU'),
('Lowfill', 'Sierra', 'Nerval', 'ST-2023-00070', 'Business Administration', 'EB00AT19', 'EB00AT19', 'Male', 'BULSU'),
('Pittford', 'Blacer', 'Bagnold', 'ST-2023-00071', 'Marketing', 'KV09ZV68', 'KV09ZV68', 'Male', 'BULSU'),
('Paulon', 'Lazarito', 'Yeabsley', 'ST-2023-00072', 'Business Administration', 'AO18EC46', 'AO18EC46', 'Female', 'BULSU'),
('Kilfedder', 'Tolosa', 'Scopham', 'ST-2023-00073', 'Computer Science', 'QP27TK71', 'QP27TK71', 'Male', 'BULSU'),
('Couvet', 'Millabas', 'Ackers', 'ST-2023-00074', 'Business Administration', 'KE23RV07', 'KE23RV07', 'Female', 'BULSU'),
('Ridsdale', 'Tolentino', 'Beton', 'ST-2023-00075', 'Graphic Design', 'WH97SP59', 'WH97SP59', 'Female', 'BULSU'),
('Prigmore', 'Domingo', 'Ladley', 'ST-2023-00076', 'Engineering', 'QS69UG99', 'QS69UG99', 'Female', 'BULSU'),
('Govier', 'Nabia', 'Tissington', 'ST-2023-00077', 'Marketing', 'DF63NE96', 'DF63NE96', 'Female', 'BULSU'),
('Duddan', 'Flor', 'Goodreid', 'ST-2023-00078', 'Psychology', 'LQ48IQ62', 'LQ48IQ62', 'Male', 'BULSU'),
('Mace', 'Binondo', 'Gemson', 'ST-2023-00079', 'Fashion Design', 'LD13WS81', 'LD13WS81', 'Male', 'BULSU'),
('Henaughan', 'Samillano', 'Sherwell', 'ST-2023-00080', 'Business Administration', 'YD72KL97', 'YD72KL97', 'Male', 'BULSU'),
('Backler', 'Gozarin', 'Littlefield', 'ST-2023-00081', 'Education', 'NN32BD28', 'NN32BD28', 'Male', 'BULSU'),
('Insole', 'Borja', 'Grissett', 'ST-2023-00082', 'Education', 'WA59TF77', 'WA59TF77', 'Male', 'BULSU'),
('Seckom', 'Caleja', 'Emlyn', 'ST-2023-00083', 'Business Administration', 'NJ96TF46', 'NJ96TF46', 'Male', 'BULSU'),
('Schermick', 'Macalalad', 'Kavanagh', 'ST-2023-00084', 'Computer Science', 'KC64EL82', 'KC64EL82', 'Male', 'BULSU'),
('Burrow', 'Dacanay', 'Stendell', 'ST-2023-00085', 'Marketing', 'UX26IC01', 'UX26IC01', 'Male', 'BULSU'),
('Creber', 'Cerado', 'Dabnor', 'ST-2023-00086', 'Computer Science', 'YA08CI50', 'YA08CI50', 'Male', 'BULSU'),
('Klaves', 'Avelino', 'Friend', 'ST-2023-00087', 'Education', 'KZ33ZD78', 'KZ33ZD78', 'Female', 'BULSU'),
('Korn', 'Dacanay', 'Sagrott', 'ST-2023-00088', 'Graphic Design', 'XP81XL11', 'XP81XL11', 'Male', 'BULSU'),
('Dianne', 'James', 'Smith', 'ST-2023-00089', 'Fashion Design', 'XG81EQ31', 'XG81EQ31', 'Female', 'BULSU'),
('Halkyard', 'Sanchez', 'Stutt', 'ST-2023-00090', 'Education', 'JS37ZD32', 'JS37ZD32', 'Male', 'BULSU'),
('Tarbin', 'Lopres', 'Allsworth', 'ST-2023-00091', 'Computer Science', 'EB46OZ91', 'EB46OZ91', 'Male', 'BULSU'),
('Faughnan', 'Timtiman', 'Zuan', 'ST-2023-00092', 'Marketing', 'QN23MX85', 'QN23MX85', 'Male', 'BULSU'),
('Klare', 'Alcantara', 'Westcott', 'ST-2023-00093', 'Education', 'RC25OP04', 'RC25OP04', 'Female', 'BULSU'),
('Rainey', 'Aldea', 'Tabram', 'ST-2023-00094', 'Psychology', 'SO68CS81', 'SO68CS81', 'Female', 'BULSU'),
('Shilladay', 'Cortez', 'Drepp', 'ST-2023-00095', 'Psychology', 'KZ16PL42', 'KZ16PL42', 'Male', 'BULSU'),
('Bretherick', 'Diaz', 'Williams', 'ST-2023-00096', 'Business Administration', 'RX28KD86', 'RX28KD86', 'Male', 'BULSU'),
('Sherlyn', 'Dioquino', 'Witt', 'ST-2023-00097', 'Culinary Arts', 'TE82PD65', 'TE82PD65', 'Female', 'BULSU'),
('Angela', 'Smith', 'Depp', 'ST-2023-00098', 'Engineering', 'BF71BH29', 'BF71BH29', 'Female', 'BULSU'),
('Tilby', 'Te', 'Johnes', 'ST-2023-00099', 'Business Administration', 'LE37BQ04', 'LE37BQ04', 'Female', 'BULSU'),
('Zyne', 'Ducos', 'Gosse', 'ST-2023-00100', 'Engineering', 'UV70VT24', 'UV70VT24', 'Male', 'BULSU'),
(NULL, NULL, NULL, NULL, NULL, NULL, NULL, NULL, NULL),
('Redwing', 'Besmonte', 'Butt Gow', 'ST-2023-00001', 'Psychology', 'YM43IP87', 'YM43IP87', 'Male', 'BULSU'),
('Reucastle', 'Cabacaba', 'Wharrier', 'ST-2023-00002', 'Marketing', 'AV93EJ82', 'AV93EJ82', 'Male', 'BULSU'),
('Abell', 'Simbulan', 'Crimmins', 'ST-2023-00003', 'Nursing', 'HF92WS43', 'HF92WS43', 'Male', 'BULSU'),
('Kenrick', 'Jotojot', 'Blaxley', 'ST-2023-00004', 'Nursing', 'KV63LJ41', 'KV63LJ41', 'Male', 'BULSU'),
('Pate', 'Pirote', 'Strettell', 'ST-2023-00005', 'Engineering', 'FQ08WA65', 'FQ08WA65', 'Male', 'BULSU'),
('Di Carlo', 'Baricuatro', 'Van Rembrandt', 'ST-2023-00006', 'Marketing', 'CQ90EE51', 'CQ90EE51', 'Male', 'BULSU'),
('Van Ross', 'Espenida', 'Wyldish', 'ST-2023-00007', 'Psychology', 'QQ61JX76', 'QQ61JX76', 'Male', 'BULSU'),
('Pollie', 'Bejino', 'Ranaghan', 'ST-2023-00008', 'Nursing', 'SS00DQ08', 'SS00DQ08', 'Male', 'BULSU'),
('Pavinese', 'Domingyaca', 'Colbridge', 'ST-2023-00009', 'Nursing', 'PC37XP83', 'PC37XP83', 'Male', 'BULSU'),
('Klulik', 'Elbat', 'Grob', 'ST-2023-00010', 'Graphic Design', 'KL38WI58', 'KL38WI58', 'Male', 'BULSU'),
('McGonigal', 'Aradilla', 'Gayforth', 'ST-2023-00011', 'Graphic Design', 'MA76QA54', 'MA76QA54', 'Male', 'BULSU'),
('Scargle', 'Catdula', 'Elfes', 'ST-2023-00012', 'Engineering', 'WG94FN96', 'WG94FN96', 'Female', 'BULSU'),
('Gaskell', 'De Chavez', 'Macguire', 'ST-2023-00013', 'Education', 'AX89WV35', 'AX89WV35', 'Female', 'BULSU'),
('Scini', 'Escalon', 'Minchinton', 'ST-2023-00014', 'Psychology', 'RK17LK51', 'RK17LK51', 'Male', 'BULSU'),
('Deeney', 'Daigdigan', 'Blench', 'ST-2023-00015', 'Culinary Arts', 'UB06ML51', 'UB06ML51', 'Female', 'BULSU'),
('Gatcliff', 'Dela Rosa', 'Lardeur', 'ST-2023-00016', 'Psychology', 'XE45HD19', 'XE45HD19', 'Male', 'BULSU'),
('Veck', 'Malsi', 'Emberton', 'ST-2023-00017', 'Graphic Design', 'QP40KJ69', 'QP40KJ69', 'Female', 'BULSU'),
('Candish', 'Montaray', 'Reijmers', 'ST-2023-00018', 'Engineering', 'JR46VN34', 'JR46VN34', 'Female', 'BULSU'),
('Seater', 'Moratalla', 'Bower', 'ST-2023-00019', 'Education', 'HH98DK25', 'HH98DK25', 'Female', 'BULSU'),
('Barnsley', 'Baduria', 'Tommeo', 'ST-2023-00020', 'Graphic Design', 'DU12XZ37', 'DU12XZ37', 'Male', 'BULSU'),
('Stephen', 'Mellican', 'Tomas', 'ST-2023-00021', 'Business Administration', 'HW20CG06', 'HW20CG06', 'Male', 'BULSU'),
('Ridges', 'Luzano', 'Fleeming', 'ST-2023-00022', 'Fashion Design', 'LG06RW66', 'LG06RW66', 'Male', 'BULSU'),
('Yurevich', 'Matias', 'Van der Kruijs', 'ST-2023-00023', 'Marketing', 'TR41NC88', 'TR41NC88', 'Female', 'BULSU'),
('Bartle', 'Mendoza', 'Maytum', 'ST-2023-00024', 'Culinary Arts', 'CQ91RE18', 'CQ91RE18', 'Female', 'BULSU'),
('Crewdson', 'De Guzman', 'Tewkesberry', 'ST-2023-00025', 'Graphic Design', 'UJ66VH60', 'UJ66VH60', 'Male', 'BULSU'),
('Xyto', 'Gonzales', 'Roo', 'ST-2023-00026', 'Fashion Design', 'HC94TW38', 'HC94TW38', 'Male', 'BULSU'),
('Ginnell', 'Canua', 'Kryszkiecicz', 'ST-2023-00027', 'Psychology', 'OY86KH45', 'OY86KH45', 'Female', 'BULSU'),
('Cubbino', 'Caballes', 'Robert', 'ST-2023-00028', 'Engineering', 'TS32UB15', 'TS32UB15', 'Male', 'BULSU'),
('Scole', 'Santos', 'Daelman', 'ST-2023-00029', 'Business Administration', 'VD54DR43', 'VD54DR43', 'Male', 'BULSU'),
('Brotherheed', 'Dela Cruz', 'Reiner', 'ST-2023-00030', 'Business Administration', 'GE05HE28', 'GE05HE28', 'Male', 'BULSU'),
('Sallier', 'Estocapio', 'Mesant', 'ST-2023-00031', 'Education', 'PV59ID62', 'PV59ID62', 'Male', 'BULSU'),
('Fallos', 'Gonzales', 'Smees', 'ST-2023-00032', 'Culinary Arts', 'WZ81OB02', 'WZ81OB02', 'Female', 'BULSU'),
('Brimmicombe', 'Manila', 'Edmott', 'ST-2023-00033', 'Business Administration', 'WY45EZ97', 'WY45EZ97', 'Female', 'BULSU'),
('Emberton', 'Lontes', 'Ovize', 'ST-2023-00034', 'Fashion Design', 'BF41YQ24', 'BF41YQ24', 'Male', 'BULSU'),
('Delong', 'Va-Ay', 'Gratton', 'ST-2023-00035', 'Education', 'NN33XF78', 'NN33XF78', 'Male', 'BULSU'),
('Luckie', 'Capuyan', 'Peter', 'ST-2023-00036', 'Business Administration', 'VU59LX97', 'VU59LX97', 'Female', 'BULSU'),
('Darren', 'Ramirez', 'Santos', 'ST-2023-00037', 'Psychology', 'LA01FJ04', 'LA01FJ04', 'Male', 'BULSU'),
('Gathercole', 'Valerio', 'Edinburough', 'ST-2023-00038', 'Marketing', 'RH36SK29', 'RH36SK29', 'Female', 'BULSU'),
('Westmerland', 'Larin', 'Denacamp', 'ST-2023-00039', 'Computer Science', 'XU40NW18', 'XU40NW18', 'Male', 'BULSU'),
('Yusupov', 'Anod', 'Ascraft', 'ST-2023-00040', 'Engineering', 'LB01CW04', 'LB01CW04', 'Male', 'BULSU'),
('Peevor', 'Clemente', 'Newman', 'ST-2023-00041', 'Fashion Design', 'RB11MA26', 'RB11MA26', 'Male', 'BULSU'),
('McCahey', 'Belleza', 'Minnock', 'ST-2023-00042', 'Culinary Arts', 'HB13GO42', 'HB13GO42', 'Male', 'BULSU'),
('Burdoun', 'Ricanor', 'Giorgietto', 'ST-2023-00043', 'Nursing', 'AV59FR43', 'AV59FR43', 'Male', 'BULSU'),
('Althea', 'Demoral', 'Tumulty', 'ST-2023-00044', 'Nursing', 'GC79VN68', 'GC79VN68', 'Female', 'BULSU'),
('MacMichael', 'Laguitao', 'MacNish', 'ST-2023-00045', 'Marketing', 'AI77BQ20', 'AI77BQ20', 'Female', 'BULSU'),
('Oliver', 'Angcot', 'Bassick', 'ST-2023-00046', 'Business Administration', 'WT49LT73', 'WT49LT73', 'Male', 'BULSU'),
('Buttner', 'Mustapha', 'Broggelli', 'ST-2023-00047', 'Education', 'TP19RJ35', 'TP19RJ35', 'Male', 'BULSU'),
('Hammerman', 'Organo', 'O\'Nions', 'ST-2023-00048', 'Psychology', 'UI38FK03', 'UI38FK03', 'Male', 'BULSU'),
('Brager', 'Turaray', 'Darell', 'ST-2023-00049', 'Computer Science', 'FH28AR29', 'FH28AR29', 'Female', 'BULSU'),
('Manach', 'Cos', 'Hatrick', 'ST-2023-00050', 'Business Administration', 'IZ02DJ78', 'IZ02DJ78', 'Female', 'BULSU'),
('Leheude', 'Dungca', 'Vanns', 'ST-2023-00051', 'Nursing', 'OR35NV90', 'OR35NV90', 'Male', 'BULSU'),
('Powter', 'Fernandez', 'Shewring', 'ST-2023-00052', 'Marketing', 'NS12DK35', 'NS12DK35', 'Male', 'BULSU'),
('Cabrer', 'Agustin', 'Furst', 'ST-2023-00053', 'Marketing', 'NE91AH52', 'NE91AH52', 'Female', 'BULSU'),
('Dabbs', 'Lucip', 'Olenov', 'ST-2023-00054', 'Graphic Design', 'TJ32EN49', 'TJ32EN49', 'Female', 'BULSU'),
('Currer', 'Maynagcot', 'Maker', 'ST-2023-00055', 'Nursing', 'YT48CI54', 'YT48CI54', 'Female', 'BULSU'),
('Emanson', 'Saturno', 'Rogister', 'ST-2023-00056', 'Computer Science', 'PT46UW42', 'PT46UW42', 'Male', 'BULSU'),
('Bee', 'Eguizabal', 'Rosone', 'ST-2023-00057', 'Marketing', 'KY45AW96', 'KY45AW96', 'Male', 'BULSU'),
('Barabich', 'Gallano', 'Milroy', 'ST-2023-00058', 'Computer Science', 'EO65ST03', 'EO65ST03', 'Female', 'BULSU'),
('Colbrun', 'Uy', 'Hawkslee', 'ST-2023-00059', 'Culinary Arts', 'DW15EG29', 'DW15EG29', 'Male', 'BULSU'),
('Daskiewicz', 'Calasig', 'Carruth', 'ST-2023-00060', 'Psychology', 'AO15CJ52', 'AO15CJ52', 'Female', 'BULSU'),
('Dooler', 'Canlas', 'Rissom', 'ST-2023-00061', 'Psychology', 'AQ43EQ18', 'AQ43EQ18', 'Male', 'BULSU'),
('Casarili', 'Estuesta', 'Scantlebury', 'ST-2023-00062', 'Graphic Design', 'AO46SR36', 'AO46SR36', 'Female', 'BULSU'),
('Struys', 'Sural', 'Plows', 'ST-2023-00063', 'Business Administration', 'VW97DT18', 'VW97DT18', 'Male', 'BULSU'),
('Heinschke', 'Bancifra', 'Burridge', 'ST-2023-00064', 'Business Administration', 'GL95NP00', 'GL95NP00', 'Male', 'BULSU'),
('Moore', 'Sta. Maria', 'Hackney', 'ST-2023-00065', 'Nursing', 'KS71AR58', 'KS71AR58', 'Male', 'BULSU'),
('Siflet', 'Cagasan', 'Yanshin', 'ST-2023-00066', 'Marketing', 'RF70SZ39', 'RF70SZ39', 'Female', 'BULSU'),
('Lambshine', 'De Paz', 'Myall', 'ST-2023-00067', 'Fashion Design', 'LV86DW54', 'LV86DW54', 'Female', 'BULSU'),
('Kristopher', 'De Leon', 'Panson', 'ST-2023-00068', 'Business Administration', 'TG04UJ96', 'TG04UJ96', 'Male', 'BULSU'),
('Hargie', 'Labajo', 'Girdler', 'ST-2023-00069', 'Psychology', 'TU41EC80', 'TU41EC80', 'Female', 'BULSU'),
('Lowfill', 'Sierra', 'Nerval', 'ST-2023-00070', 'Business Administration', 'EB00AT19', 'EB00AT19', 'Male', 'BULSU'),
('Pittford', 'Blacer', 'Bagnold', 'ST-2023-00071', 'Marketing', 'KV09ZV68', 'KV09ZV68', 'Male', 'BULSU'),
('Paulon', 'Lazarito', 'Yeabsley', 'ST-2023-00072', 'Business Administration', 'AO18EC46', 'AO18EC46', 'Female', 'BULSU'),
('Kilfedder', 'Tolosa', 'Scopham', 'ST-2023-00073', 'Computer Science', 'QP27TK71', 'QP27TK71', 'Male', 'BULSU'),
('Couvet', 'Millabas', 'Ackers', 'ST-2023-00074', 'Business Administration', 'KE23RV07', 'KE23RV07', 'Female', 'BULSU'),
('Ridsdale', 'Tolentino', 'Beton', 'ST-2023-00075', 'Graphic Design', 'WH97SP59', 'WH97SP59', 'Female', 'BULSU'),
('Prigmore', 'Domingo', 'Ladley', 'ST-2023-00076', 'Engineering', 'QS69UG99', 'QS69UG99', 'Female', 'BULSU'),
('Govier', 'Nabia', 'Tissington', 'ST-2023-00077', 'Marketing', 'DF63NE96', 'DF63NE96', 'Female', 'BULSU'),
('Duddan', 'Flor', 'Goodreid', 'ST-2023-00078', 'Psychology', 'LQ48IQ62', 'LQ48IQ62', 'Male', 'BULSU'),
('Mace', 'Binondo', 'Gemson', 'ST-2023-00079', 'Fashion Design', 'LD13WS81', 'LD13WS81', 'Male', 'BULSU'),
('Henaughan', 'Samillano', 'Sherwell', 'ST-2023-00080', 'Business Administration', 'YD72KL97', 'YD72KL97', 'Male', 'BULSU'),
('Backler', 'Gozarin', 'Littlefield', 'ST-2023-00081', 'Education', 'NN32BD28', 'NN32BD28', 'Male', 'BULSU'),
('Insole', 'Borja', 'Grissett', 'ST-2023-00082', 'Education', 'WA59TF77', 'WA59TF77', 'Male', 'BULSU'),
('Seckom', 'Caleja', 'Emlyn', 'ST-2023-00083', 'Business Administration', 'NJ96TF46', 'NJ96TF46', 'Male', 'BULSU'),
('Schermick', 'Macalalad', 'Kavanagh', 'ST-2023-00084', 'Computer Science', 'KC64EL82', 'KC64EL82', 'Male', 'BULSU'),
('Burrow', 'Dacanay', 'Stendell', 'ST-2023-00085', 'Marketing', 'UX26IC01', 'UX26IC01', 'Male', 'BULSU'),
('Creber', 'Cerado', 'Dabnor', 'ST-2023-00086', 'Computer Science', 'YA08CI50', 'YA08CI50', 'Male', 'BULSU'),
('Klaves', 'Avelino', 'Friend', 'ST-2023-00087', 'Education', 'KZ33ZD78', 'KZ33ZD78', 'Female', 'BULSU'),
('Korn', 'Dacanay', 'Sagrott', 'ST-2023-00088', 'Graphic Design', 'XP81XL11', 'XP81XL11', 'Male', 'BULSU'),
('Dianne', 'James', 'Smith', 'ST-2023-00089', 'Fashion Design', 'XG81EQ31', 'XG81EQ31', 'Female', 'BULSU'),
('Halkyard', 'Sanchez', 'Stutt', 'ST-2023-00090', 'Education', 'JS37ZD32', 'JS37ZD32', 'Male', 'BULSU'),
('Tarbin', 'Lopres', 'Allsworth', 'ST-2023-00091', 'Computer Science', 'EB46OZ91', 'EB46OZ91', 'Male', 'BULSU'),
('Faughnan', 'Timtiman', 'Zuan', 'ST-2023-00092', 'Marketing', 'QN23MX85', 'QN23MX85', 'Male', 'BULSU'),
('Klare', 'Alcantara', 'Westcott', 'ST-2023-00093', 'Education', 'RC25OP04', 'RC25OP04', 'Female', 'BULSU'),
('Rainey', 'Aldea', 'Tabram', 'ST-2023-00094', 'Psychology', 'SO68CS81', 'SO68CS81', 'Female', 'BULSU'),
('Shilladay', 'Cortez', 'Drepp', 'ST-2023-00095', 'Psychology', 'KZ16PL42', 'KZ16PL42', 'Male', 'BULSU'),
('Bretherick', 'Diaz', 'Williams', 'ST-2023-00096', 'Business Administration', 'RX28KD86', 'RX28KD86', 'Male', 'BULSU'),
('Sherlyn', 'Dioquino', 'Witt', 'ST-2023-00097', 'Culinary Arts', 'TE82PD65', 'TE82PD65', 'Female', 'BULSU'),
('Angela', 'Smith', 'Depp', 'ST-2023-00098', 'Engineering', 'BF71BH29', 'BF71BH29', 'Female', 'BULSU'),
('Tilby', 'Te', 'Johnes', 'ST-2023-00099', 'Business Administration', 'LE37BQ04', 'LE37BQ04', 'Female', 'BULSU'),
('Zyne', 'Ducos', 'Gosse', 'ST-2023-00100', 'Engineering', 'UV70VT24', 'UV70VT24', 'Male', 'BULSU');

-- --------------------------------------------------------

--
-- Table structure for table `shift`
--

CREATE TABLE `shift` (
  `id` int(1) NOT NULL,
  `start` time NOT NULL,
  `end` time NOT NULL
) ENGINE=InnoDB DEFAULT CHARSET=latin1 COLLATE=latin1_swedish_ci;

--
-- Dumping data for table `shift`
--

INSERT INTO `shift` (`id`, `start`, `end`) VALUES
(1, '08:00:00', '16:00:00'),
(2, '13:00:00', '21:00:00'),
(3, '18:00:00', '02:00:00'),
(4, '03:15:02', '02:05:05'),
(5, '07:00:00', '18:25:00'),
(6, '01:00:00', '12:00:00');

-- --------------------------------------------------------

--
-- Table structure for table `slot`
--

CREATE TABLE `slot` (
  `id` int(11) NOT NULL,
  `date` varchar(20) DEFAULT NULL,
  `Floor` varchar(11) NOT NULL,
  `Room` varchar(30) NOT NULL,
  `Slot` int(11) NOT NULL,
  `status` varchar(100) CHARACTER SET utf8mb4 COLLATE utf8mb4_bin DEFAULT NULL,
  `uniqueid` varchar(20) NOT NULL
) ENGINE=InnoDB DEFAULT CHARSET=utf8mb4 COLLATE=utf8mb4_general_ci;

--
-- Dumping data for table `slot`
--

INSERT INTO `slot` (`id`, `date`, `Floor`, `Room`, `Slot`, `status`, `uniqueid`) VALUES
(2922, '2024-12-09', 'GF', 'Digital Library', 1, '[0,0,0,0,1,0,0,0,0,0,0]', ''),
(2923, '2024-12-09', 'GF', 'Digital Library', 2, '[0,0,0,0,1,0,0,0,0,0,0]', ''),
(2924, '2024-12-09', 'GF', 'Digital Library', 3, '[0,0,0,0,1,1,0,0,0,0,0]', ''),
(2925, '2024-12-09', 'GF', 'Digital Library', 4, '[0,0,0,0,0,0,0,0,0,0,0]', ''),
(2926, '2024-12-09', 'GF', 'Digital Library', 5, '[0,0,0,0,0,0,0,0,0,0,0]', ''),
(2927, '2024-12-09', 'GF', 'Reading Area', 1, '[0,0,0,0,0,0,0,0,0,0,0]', ''),
(2928, '2024-12-09', 'GF', 'Reading Area', 2, '[0,0,0,0,0,0,0,0,0,0,0]', ''),
(2929, '2024-12-09', 'GF', 'Reading Area', 3, '[0,0,0,0,0,0,0,0,0,0,0]', ''),
(2930, '2024-12-09', 'GF', 'Reading Area', 4, '[0,0,0,0,0,0,0,0,0,0,0]', ''),
(2931, '2024-12-09', 'GF', 'Reading Area', 5, '[0,0,0,0,0,0,0,0,0,0,0]', ''),
(2932, '2024-12-09', 'GF', 'Reading Area', 6, '[0,0,0,0,0,0,0,0,0,0,0]', ''),
(2933, '2024-12-09', 'GF', 'Reading Area', 7, '[0,0,0,0,0,0,0,0,0,0,0]', ''),
(2934, '2024-12-09', 'GF', 'Reading Area', 8, '[0,0,0,0,0,0,0,0,0,0,0]', ''),
(2935, '2024-12-09', 'GF', 'Reading Area', 9, '[0,0,0,0,0,0,0,0,0,0,0]', ''),
(2936, '2024-12-09', '2F', 'Test', 1, '[0,0,0,0,0,0,0,1,0,0,0]', ''),
(2937, '2024-12-09', '2F', 'Test', 2, '[0,0,0,0,0,0,0,0,0,0,0]', ''),
(2938, '2024-12-13', '2F', 'Test', 1, '[0,0,0,0,0,0,0,0,0,0,0]', ''),
(2939, '2024-12-13', '2F', 'Test', 2, '[0,0,0,0,0,0,0,0,0,0,0]', ''),
(2940, '2024-12-12', 'GF', 'Digital Library', 1, '[0,0,0,0,0,0,0,0,0,0,0]', ''),
(2941, '2024-12-12', 'GF', 'Digital Library', 2, '[0,0,0,0,0,0,0,0,0,0,0]', ''),
(2942, '2024-12-12', 'GF', 'Digital Library', 3, '[0,0,0,0,0,0,0,0,0,0,0]', ''),
(2943, '2024-12-12', 'GF', 'Digital Library', 4, '[0,0,0,0,0,0,0,0,0,0,0]', ''),
(2944, '2024-12-12', 'GF', 'Digital Library', 5, '[0,0,0,0,0,0,0,0,0,0,0]', ''),
(2945, '2024-12-13', 'GF', 'Digital Library', 1, '[0,0,0,0,0,0,0,0,0,0,0]', ''),
(2946, '2024-12-13', 'GF', 'Digital Library', 2, '[0,0,0,0,0,0,0,0,0,0,0]', ''),
(2947, '2024-12-13', 'GF', 'Digital Library', 3, '[0,0,0,0,0,0,0,0,0,0,0]', ''),
(2948, '2024-12-13', 'GF', 'Digital Library', 4, '[0,0,0,0,0,0,0,0,0,0,0]', ''),
(2949, '2024-12-13', 'GF', 'Digital Library', 5, '[0,0,0,0,0,0,0,0,0,0,0]', ''),
(2950, '2024-12-09', '2F', 'Audio Visual Room', 1, '[0,0,0,0,0,0,0,0,0,0,0]', ''),
(2951, '2024-12-09', '2F', 'Audio Visual Room', 2, '[0,0,0,0,0,0,0,0,0,0,0]', ''),
(2952, '2024-12-09', '2F', 'Audio Visual Room', 3, '[0,0,0,0,0,0,0,0,0,0,0]', ''),
(2953, '2024-12-09', '2F', 'Audio Visual Room', 4, '[0,0,0,0,0,0,0,0,0,0,0]', ''),
(2954, '2024-12-09', '2F', 'Audio Visual Room', 5, '[0,0,0,0,0,0,0,0,0,0,0]', ''),
(2955, '2024-12-09', '2F', 'Audio Visual Room', 6, '[0,0,0,0,0,0,0,0,0,0,0]', ''),
(2956, '2024-12-09', '2F', 'Audio Visual Room', 7, '[0,0,0,0,0,0,0,0,0,0,0]', ''),
(2957, '2024-12-09', '2F', 'Audio Visual Room', 8, '[0,0,0,0,0,0,0,0,0,0,0]', ''),
(2958, '2024-12-09', '2F', 'Discussion room', 1, '[0,0,0,0,0,0,0,0,0,0,0]', ''),
(2959, '2024-12-09', '2F', 'Discussion room', 2, '[0,0,0,0,0,0,0,0,0,0,0]', ''),
(2960, '2024-12-09', '2F', 'Discussion room', 3, '[0,0,0,0,0,0,0,0,0,0,0]', ''),
(2961, '2024-12-09', '2F', 'Discussion room', 4, '[0,0,0,0,0,0,0,0,0,0,0]', '');

-- --------------------------------------------------------

--
-- Table structure for table `slot_status`
--

CREATE TABLE `slot_status` (
  `id` varchar(20) NOT NULL,
  `seatnumber` int(10) NOT NULL,
  `timeslot` int(10) NOT NULL,
  `status` int(11) NOT NULL
) ENGINE=InnoDB DEFAULT CHARSET=utf8mb4 COLLATE=utf8mb4_general_ci;

-- --------------------------------------------------------

--
-- Table structure for table `student`
--

CREATE TABLE `student` (
  `id` int(10) NOT NULL,
  `first_name` varchar(50) DEFAULT NULL,
  `last_name` varchar(50) DEFAULT NULL,
  `middle_name` varchar(50) DEFAULT NULL,
  `srcode` varchar(20) DEFAULT NULL,
  `course` varchar(150) DEFAULT NULL,
  `rfid` varchar(60) DEFAULT NULL,
  `qrcode` varchar(20) DEFAULT NULL,
  `gender` varchar(1) DEFAULT NULL,
  `college` varchar(150) DEFAULT NULL,
  `campus` varchar(20) DEFAULT NULL,
  `schoolyear` varchar(10) DEFAULT NULL,
  `email` varchar(50) NOT NULL,
  `photo` varchar(100) NOT NULL,
  `password` varchar(255) NOT NULL,
  `pin` varchar(50) NOT NULL
) ENGINE=InnoDB DEFAULT CHARSET=utf8mb4 COLLATE=utf8mb4_general_ci;

--
-- Dumping data for table `student`
--

INSERT INTO `student` (`id`, `first_name`, `last_name`, `middle_name`, `srcode`, `course`, `rfid`, `qrcode`, `gender`, `college`, `campus`, `schoolyear`, `email`, `photo`, `password`, `pin`) VALUES
(1, 'Ansel Christian', 'Santos', 'M', '2023101024', 'Bachelor of Science in Nursing', '15262727', '415262727', 'M', 'College of Nursing (CON)', 'Main Campus', '4', '2023101024@bulsu.edu', 'https://drive.google.com/open?id=1OzBh-ezRa4bkNpjMz5XAS3Ry_MAjSJXg', '', '123'),
(2, 'Lorenzo', 'Delos Santos Jr', 'C', '2023100898', 'Bachelor of Science in Nursing', '1434119', '123456', 'M', 'College of Nursing (CON)', 'Main Campus', '5', '2023100898@bulsu.edu', 'https://drive.google.com/open?id=1qZuodUF0W4TWyoozvGgv5fYSZDbfS3f7', '2023101024DelosSantos', '02157863'),
(109, 'Angelo', 'Pelayo', 'Panganiban', '2020-01492-MN-0', 'BS Computer Science', '6244887', '10012002', 'M', 'CCIS', NULL, '4', 'angelo@gmail.com', '', '', ''),
(110, 'Mikhan', 'Balbastro', 'Catapang', '2020-06019-MN-0', 'BSCS', '2283620858', '1001001', 'M', 'CCIS', NULL, '3', 'mikhanbalbastro14@gmail.com', '', '', ''),
(111, 'Jason', 'Vinas', 'Iverson', '2020-06018-MN-0', 'BS Physics', '2282000216', '10021', 'M', 'College of Science', NULL, '4', 'json@gmail.com', '', '', ''),
(112, 'Jake', 'Jake', 'Jake', '2020-06017-MN-0', 'BA Performing Arts', '2283656952', '10023', 'M', 'College of Arts and Letters', NULL, '04', 'Jakejakejake@gmail.com', '', '', ''),
(113, 'Trisha Mae', 'Panganiban', 'Bautista', '2020-06199-MN-0', 'BS Information Technology', '2794048060', '104512', 'F', 'College of Computer and Information Sciences', NULL, '4', 'elevator@gmail.com', '', '', ''),
(114, 'Rhylie', 'Cedeno', 'A', '132465789', 'EMC', '13836567', '123', 'M', 'Computer Science', NULL, '2', 'ry@gmail.com', '', '', '');

-- --------------------------------------------------------

--
-- Table structure for table `users`
--

CREATE TABLE `users` (
  `id` int(11) NOT NULL,
  `username` char(20) NOT NULL,
  `fname` varchar(20) NOT NULL,
  `lname` varchar(20) NOT NULL,
  `password` varchar(128) NOT NULL,
  `email` varchar(50) NOT NULL,
  `employee_id` int(3) NOT NULL,
  `role_id` int(1) NOT NULL,
  `image` longtext NOT NULL,
  `floor` varchar(5) DEFAULT NULL,
  `permision` varchar(500) CHARACTER SET utf8mb4 COLLATE utf8mb4_bin NOT NULL,
  `is_verified` varchar(255) NOT NULL,
  `verification_token` varchar(255) NOT NULL
) ENGINE=InnoDB DEFAULT CHARSET=latin1 COLLATE=latin1_swedish_ci;

--
-- Dumping data for table `users`
--

INSERT INTO `users` (`id`, `username`, `fname`, `lname`, `password`, `email`, `employee_id`, `role_id`, `image`, `floor`, `permision`, `is_verified`, `verification_token`) VALUES
(73, 'admin', 'Mikhan', 'Balbastro', '$2y$10$Lw7h1gF53DiR91M4ERdol./630LeaMtyVjgOWaDuTFbFc8n4aFZGq', 'mikhanbalbastro@outlook.com', 0, 1, '', 'GF', '', '1', ''),
(75, 'Mikhan', 'Mikhan', 'Balbastro', '$2y$10$pDKc8F4vyJTJyDth1oDRdu8e7irwireH8/uGms908LIB9Y/yiwtLm', 'mikhanbalbastro14@gmail.com', 0, 2, '', '2F', '{\"My Profile\":1,\"Dashboard\":0,\"Room\":0,\"Area\":0,\"Faculty\":0,\"Student\":0,\"Librarian\":0,\"CMS\":0,\"Attendance\":0,\"Attend Seat\":0,\"Attend Room\":0,\"Reservation Seat\":0,\"Reservation Room\":0,\"Transaction Report\":0,\"Seat Status\":0,\"Room Status\":0,\"Room Reservation\":0,\"Live Monitoring\":0,\"Seat Reservation\":0}', '0', '2d3cdecc95539d2c5cc1ef5c00db579b');

-- --------------------------------------------------------

--
-- Table structure for table `user_access`
--

CREATE TABLE `user_access` (
  `id` int(2) NOT NULL,
  `role_id` int(1) NOT NULL,
  `menu_id` int(2) NOT NULL
) ENGINE=InnoDB DEFAULT CHARSET=latin1 COLLATE=latin1_swedish_ci;

--
-- Dumping data for table `user_access`
--

INSERT INTO `user_access` (`id`, `role_id`, `menu_id`) VALUES
(1, 1, 1),
(2, 1, 2),
(3, 1, 3),
(4, 2, 4),
(5, 1, 5),
(6, 1, 6),
(7, 2, 6),
(8, 1, 4),
(9, 2, 1),
(10, 2, 2),
(11, 2, 3),
(12, 2, 5);

-- --------------------------------------------------------

--
-- Table structure for table `user_menu`
--

CREATE TABLE `user_menu` (
  `id` int(2) NOT NULL,
  `menu` varchar(20) NOT NULL
) ENGINE=InnoDB DEFAULT CHARSET=latin1 COLLATE=latin1_swedish_ci;

--
-- Dumping data for table `user_menu`
--

INSERT INTO `user_menu` (`id`, `menu`) VALUES
(1, 'Admin'),
(2, 'Master'),
(3, 'Attendance'),
(4, 'Profile'),
(5, 'Report'),
(6, 'Seat');

-- --------------------------------------------------------

--
-- Table structure for table `user_role`
--

CREATE TABLE `user_role` (
  `id` int(1) NOT NULL,
  `name` varchar(20) NOT NULL
) ENGINE=InnoDB DEFAULT CHARSET=latin1 COLLATE=latin1_swedish_ci;

--
-- Dumping data for table `user_role`
--

INSERT INTO `user_role` (`id`, `name`) VALUES
(1, 'Admin'),
(2, 'Employee'),
(3, 'Kiosk');

-- --------------------------------------------------------

--
-- Table structure for table `user_submenu`
--

CREATE TABLE `user_submenu` (
  `id` int(2) NOT NULL,
  `menu_id` int(2) NOT NULL,
  `title` varchar(20) NOT NULL,
  `url` varchar(50) NOT NULL,
  `icon` varchar(50) NOT NULL,
  `is_active` int(1) NOT NULL
) ENGINE=InnoDB DEFAULT CHARSET=latin1 COLLATE=latin1_swedish_ci;

--
-- Dumping data for table `user_submenu`
--

INSERT INTO `user_submenu` (`id`, `menu_id`, `title`, `url`, `icon`, `is_active`) VALUES
(1, 4, 'My Profile', 'profile', 'fas fa-fw fa-id-card', 1),
(2, 1, 'Dashboard', 'admin', 'fas fa-fw fa-tachometer-alt', 1),
(3, 2, 'Room', 'master/room', 'fas fa-fw fa-id-badge', 1),
(4, 2, 'Area', 'master/area', 'fas fa-fw fa-id-badge', 1),
(6, 2, 'Faculty', 'master/faculty', 'fas fa-fw fa-id-badge', 1),
(7, 2, 'Student', 'master/student', 'fas fa-fw fa-id-badge', 1),
(8, 2, 'Librarian', 'master/users', 'fas fa-fw fa-users', 1),
(9, 2, 'CMS', 'admin/cms', 'fas fa-fw fa-building', 1),
(10, 3, 'Attendance', 'attendance', 'fas fa-fw fa-clipboard-list', 1),
(11, 5, 'Attend Seat', 'report/attend_seat', 'fas fa-fw fa-paste', 1),
(12, 5, 'Attend Room', 'report/attend_room', 'fas fa-fw fa-paste', 1),
(13, 5, 'Reservation Seat', 'report/book_seat_view', 'fas fa-fw fa-paste', 1),
(14, 5, 'Reservation Room', 'report/book_room_view', 'fas fa-fw fa-paste', 1),
(15, 5, 'Transaction Report', 'report/transaction_room', 'fas fa-fw fa-paste', 1),
(16, 6, 'Seat Status', 'seat/slotstatus', 'fas fa-fw fa-building', 1),
(17, 6, 'Room Status', 'seat/roomstatus', 'fas fa-fw fa-building', 1),
(18, 6, 'Room Reservation', 'seat/bookroom', 'fas fa-fw fa-building', 1),
(19, 6, 'Live Monitoring', 'seat/monitoring', 'fas fa-fw fa-building', 1),
(20, 6, 'Seat Reservation', 'reservation', 'fas fa-fw fa-paste', 1);

-- --------------------------------------------------------

--
-- Table structure for table `visitor`
--

CREATE TABLE `visitor` (
  `id` int(11) NOT NULL,
  `name` varchar(20) DEFAULT NULL,
  `rfid` varchar(50) NOT NULL,
  `qrcode` varchar(50) NOT NULL,
  `gender` varchar(5) DEFAULT NULL
) ENGINE=InnoDB DEFAULT CHARSET=utf8mb4 COLLATE=utf8mb4_general_ci;

--
-- Dumping data for table `visitor`
--

INSERT INTO `visitor` (`id`, `name`, `rfid`, `qrcode`, `gender`) VALUES
(1, 'visitor1', '123455', '12345', ''),
(3, 'visitor 2', '132312', '23423', 'M'),
(4, 'visitor 3', '132312555', '2342555', 'F');

--
-- Indexes for dumped tables
--

--
-- Indexes for table `area`
--
ALTER TABLE `area`
  ADD PRIMARY KEY (`id`);

--
-- Indexes for table `attend`
--
ALTER TABLE `attend`
  ADD PRIMARY KEY (`id`);

--
-- Indexes for table `attendance`
--
ALTER TABLE `attendance`
  ADD PRIMARY KEY (`id`),
  ADD KEY `username` (`username`),
  ADD KEY `employee_id` (`employee_id`),
  ADD KEY `department_id` (`department_id`),
  ADD KEY `shift_id` (`shift_id`),
  ADD KEY `location_id` (`location_id`);

--
-- Indexes for table `ban_list`
--
ALTER TABLE `ban_list`
  ADD PRIMARY KEY (`id`);

--
-- Indexes for table `booking`
--
ALTER TABLE `booking`
  ADD PRIMARY KEY (`id`);

--
-- Indexes for table `department`
--
ALTER TABLE `department`
  ADD PRIMARY KEY (`id`);

--
-- Indexes for table `employee`
--
ALTER TABLE `employee`
  ADD PRIMARY KEY (`id`);

--
-- Indexes for table `employee_department`
--
ALTER TABLE `employee_department`
  ADD PRIMARY KEY (`id`),
  ADD KEY `employee_department_ibfk_1` (`employee_id`),
  ADD KEY `employee_department_ibfk_2` (`department_id`);

--
-- Indexes for table `faculty`
--
ALTER TABLE `faculty`
  ADD PRIMARY KEY (`id`);

--
-- Indexes for table `location`
--
ALTER TABLE `location`
  ADD PRIMARY KEY (`id`);

--
-- Indexes for table `notifications`
--
ALTER TABLE `notifications`
  ADD PRIMARY KEY (`id`);

--
-- Indexes for table `room`
--
ALTER TABLE `room`
  ADD PRIMARY KEY (`id`);

--
-- Indexes for table `roombooklog`
--
ALTER TABLE `roombooklog`
  ADD PRIMARY KEY (`id`);

--
-- Indexes for table `roomslot`
--
ALTER TABLE `roomslot`
  ADD PRIMARY KEY (`id`);

--
-- Indexes for table `schedule`
--
ALTER TABLE `schedule`
  ADD PRIMARY KEY (`id`);

--
-- Indexes for table `shift`
--
ALTER TABLE `shift`
  ADD PRIMARY KEY (`id`);

--
-- Indexes for table `slot`
--
ALTER TABLE `slot`
  ADD PRIMARY KEY (`id`);

--
-- Indexes for table `student`
--
ALTER TABLE `student`
  ADD PRIMARY KEY (`id`);

--
-- Indexes for table `users`
--
ALTER TABLE `users`
  ADD PRIMARY KEY (`id`),
  ADD KEY `employee_id` (`employee_id`),
  ADD KEY `role_id` (`role_id`);
ALTER TABLE `users` ADD FULLTEXT KEY `username` (`username`);

--
-- Indexes for table `user_access`
--
ALTER TABLE `user_access`
  ADD PRIMARY KEY (`id`),
  ADD KEY `menu_id` (`menu_id`),
  ADD KEY `role_id` (`role_id`);

--
-- Indexes for table `user_menu`
--
ALTER TABLE `user_menu`
  ADD PRIMARY KEY (`id`);

--
-- Indexes for table `user_role`
--
ALTER TABLE `user_role`
  ADD PRIMARY KEY (`id`);

--
-- Indexes for table `user_submenu`
--
ALTER TABLE `user_submenu`
  ADD PRIMARY KEY (`id`),
  ADD KEY `menu_id` (`menu_id`);

--
-- Indexes for table `visitor`
--
ALTER TABLE `visitor`
  ADD PRIMARY KEY (`id`);

--
-- AUTO_INCREMENT for dumped tables
--

--
-- AUTO_INCREMENT for table `area`
--
ALTER TABLE `area`
  MODIFY `id` int(11) NOT NULL AUTO_INCREMENT, AUTO_INCREMENT=126;

--
-- AUTO_INCREMENT for table `attend`
--
ALTER TABLE `attend`
  MODIFY `id` int(11) NOT NULL AUTO_INCREMENT, AUTO_INCREMENT=325;

--
-- AUTO_INCREMENT for table `attendance`
--
ALTER TABLE `attendance`
  MODIFY `id` int(11) NOT NULL AUTO_INCREMENT, AUTO_INCREMENT=66;

--
-- AUTO_INCREMENT for table `ban_list`
--
ALTER TABLE `ban_list`
  MODIFY `id` int(11) NOT NULL AUTO_INCREMENT;

--
-- AUTO_INCREMENT for table `booking`
--
ALTER TABLE `booking`
  MODIFY `id` int(11) NOT NULL AUTO_INCREMENT, AUTO_INCREMENT=387;

--
-- AUTO_INCREMENT for table `employee`
--
ALTER TABLE `employee`
  MODIFY `id` int(3) UNSIGNED ZEROFILL NOT NULL AUTO_INCREMENT, AUTO_INCREMENT=28;

--
-- AUTO_INCREMENT for table `employee_department`
--
ALTER TABLE `employee_department`
  MODIFY `id` int(3) NOT NULL AUTO_INCREMENT, AUTO_INCREMENT=28;

--
-- AUTO_INCREMENT for table `faculty`
--
ALTER TABLE `faculty`
  MODIFY `id` int(10) NOT NULL AUTO_INCREMENT, AUTO_INCREMENT=534;

--
-- AUTO_INCREMENT for table `location`
--
ALTER TABLE `location`
  MODIFY `id` int(1) NOT NULL AUTO_INCREMENT, AUTO_INCREMENT=9;

--
-- AUTO_INCREMENT for table `notifications`
--
ALTER TABLE `notifications`
  MODIFY `id` int(11) NOT NULL AUTO_INCREMENT, AUTO_INCREMENT=505;

--
-- AUTO_INCREMENT for table `room`
--
ALTER TABLE `room`
  MODIFY `id` int(11) NOT NULL AUTO_INCREMENT, AUTO_INCREMENT=5010;

--
-- AUTO_INCREMENT for table `roombooklog`
--
ALTER TABLE `roombooklog`
  MODIFY `id` int(11) NOT NULL AUTO_INCREMENT, AUTO_INCREMENT=5;

--
-- AUTO_INCREMENT for table `roomslot`
--
ALTER TABLE `roomslot`
  MODIFY `id` int(11) NOT NULL AUTO_INCREMENT, AUTO_INCREMENT=448;

--
-- AUTO_INCREMENT for table `schedule`
--
ALTER TABLE `schedule`
  MODIFY `id` int(20) NOT NULL AUTO_INCREMENT, AUTO_INCREMENT=13;

--
-- AUTO_INCREMENT for table `shift`
--
ALTER TABLE `shift`
  MODIFY `id` int(1) NOT NULL AUTO_INCREMENT, AUTO_INCREMENT=7;

--
-- AUTO_INCREMENT for table `slot`
--
ALTER TABLE `slot`
  MODIFY `id` int(11) NOT NULL AUTO_INCREMENT, AUTO_INCREMENT=2962;

--
-- AUTO_INCREMENT for table `student`
--
ALTER TABLE `student`
  MODIFY `id` int(10) NOT NULL AUTO_INCREMENT, AUTO_INCREMENT=115;

--
-- AUTO_INCREMENT for table `users`
--
ALTER TABLE `users`
  MODIFY `id` int(11) NOT NULL AUTO_INCREMENT, AUTO_INCREMENT=77;

--
-- AUTO_INCREMENT for table `user_access`
--
ALTER TABLE `user_access`
  MODIFY `id` int(2) NOT NULL AUTO_INCREMENT, AUTO_INCREMENT=13;

--
-- AUTO_INCREMENT for table `user_menu`
--
ALTER TABLE `user_menu`
  MODIFY `id` int(2) NOT NULL AUTO_INCREMENT, AUTO_INCREMENT=7;

--
-- AUTO_INCREMENT for table `user_role`
--
ALTER TABLE `user_role`
  MODIFY `id` int(1) NOT NULL AUTO_INCREMENT, AUTO_INCREMENT=4;

--
-- AUTO_INCREMENT for table `user_submenu`
--
ALTER TABLE `user_submenu`
  MODIFY `id` int(2) NOT NULL AUTO_INCREMENT, AUTO_INCREMENT=913;

--
-- AUTO_INCREMENT for table `visitor`
--
ALTER TABLE `visitor`
  MODIFY `id` int(11) NOT NULL AUTO_INCREMENT, AUTO_INCREMENT=5;

--
-- Constraints for dumped tables
--

--
-- Constraints for table `employee_department`
--
ALTER TABLE `employee_department`
  ADD CONSTRAINT `employee_department_ibfk_1` FOREIGN KEY (`employee_id`) REFERENCES `employee` (`id`) ON DELETE CASCADE ON UPDATE CASCADE,
  ADD CONSTRAINT `employee_department_ibfk_2` FOREIGN KEY (`department_id`) REFERENCES `department` (`id`) ON DELETE CASCADE ON UPDATE CASCADE;

--
-- Constraints for table `user_access`
--
ALTER TABLE `user_access`
  ADD CONSTRAINT `user_access_ibfk_1` FOREIGN KEY (`menu_id`) REFERENCES `user_menu` (`id`) ON UPDATE CASCADE,
  ADD CONSTRAINT `user_access_ibfk_2` FOREIGN KEY (`role_id`) REFERENCES `user_role` (`id`) ON UPDATE CASCADE;

--
-- Constraints for table `user_submenu`
--
ALTER TABLE `user_submenu`
  ADD CONSTRAINT `user_submenu_ibfk_1` FOREIGN KEY (`menu_id`) REFERENCES `user_menu` (`id`) ON UPDATE CASCADE;
COMMIT;

/*!40101 SET CHARACTER_SET_CLIENT=@OLD_CHARACTER_SET_CLIENT */;
/*!40101 SET CHARACTER_SET_RESULTS=@OLD_CHARACTER_SET_RESULTS */;
/*!40101 SET COLLATION_CONNECTION=@OLD_COLLATION_CONNECTION */;
